Food Items,Energy kcal,Carbs,Protein(g),Fat(g),Freesugar(g),Fibre(g),Cholestrol(mg),Calcium(mg),Nutrition_Score,Nutrition_Label,Protein_to_Energy,Sugar_to_Carbs,Fat_to_Energy
Butternaan,300.0,50.0,7.0,10.0,2.0,2.0,15.0,50.0,0,Healthy,0.023333333333255556,0.0399999999992,0.03333333333322222
Cupcake,200.0,30.0,2.0,8.0,20.0,0.5,20.0,20.0,7,Moderate,0.00999999999995,0.6666666666444444,0.0399999999998
Donuts,250.0,30.0,3.0,12.0,10.0,1.0,20.0,20.0,6,Moderate,0.011999999999952,0.3333333333222222,0.047999999999808
French Fries,312.0,41.0,3.4,15.0,0.3,3.8,0.0,20.0,1,Healthy,0.01089743589740097,0.007317073170553243,0.04807692307676899
Garlic Bread,200.0,25.0,4.0,10.0,1.0,1.0,10.0,30.0,2,Healthy,0.0199999999999,0.0399999999984,0.04999999999975
Grilled Cheese Sandwich,400.0,30.0,12.0,25.0,2.0,2.0,50.0,200.0,10,Moderate,0.029999999999925,0.06666666666444444,0.06249999999984375
Hot Dog,290.0,24.0,10.0,18.0,4.0,1.0,30.0,20.0,2,Healthy,0.03448275862057075,0.1666666666597222,0.06206896551702735
Ice Cream,207.0,24.0,3.5,11.0,21.0,0.5,44.0,100.0,7,Moderate,0.01690821256030479,0.8749999999635417,0.05314009661810078
Lobster Roll Sandwich,450.0,30.0,20.0,25.0,3.0,2.0,80.0,60.0,11,Unhealthy,0.04444444444434568,0.09999999999666667,0.0555555555554321
Onion Rings,275.0,31.0,3.0,15.0,5.0,2.0,0.0,30.0,5,Moderate,0.01090909090905124,0.16129032257544224,0.0545454545452562
Red Velvet Cake,293.0,37.45,5.45,13.74,13.89,1.2,43.0,85.0,6,Moderate,0.018600682593793175,0.37089452602480927,0.04689419795205838
Strawberry Shortcake,250.0,35.0,3.0,12.0,15.0,1.0,30.0,50.0,7,Moderate,0.011999999999952,0.42857142855918373,0.047999999999808
Vada Pav,304.0,40.17,9.17,11.92,9.42,3.8,0.0,71.0,-1,Healthy,0.030164473684111303,0.2345033607111152,0.03921052631566049
Waffles,220.0,20.0,13.0,11.0,5.0,3.0,30.0,100.0,-2,Healthy,0.0590909090906405,0.2499999999875,0.049999999999772726
Hot tea (Garam Chai),16.14,2.58,0.39,0.53,2.58,0.0,0.0,14.2,0,Healthy,0.024163568771737077,0.999999999612403,0.032837670382104236
Instant coffee,23.16,3.65,0.64,0.75,3.62,0.0,0.0,20.87,0,Healthy,0.027633851466855187,0.9917808216460875,0.032383419687720925
Espreso coffee,51.54,6.62,1.75,2.14,6.53,0.0,0.0,58.1,0,Healthy,0.033954210321421145,0.9864048336878543,0.04152114862162358
Iced tea,10.34,2.7,0.03,0.01,2.7,0.0,0.0,1.18,0,Healthy,0.002901353964903157,0.9999999996296296,0.0009671179883010524
Raw mango drink (Aam panna),35.92,9.05,0.16,0.03,7.49,0.61,0.0,7.08,1,Healthy,0.004454342984285793,0.827624309300815,0.0008351893095535861
Fruit Punch (with fresh juices),36.12,9.38,0.14,0.03,9.25,0.06,0.0,5.07,2,Healthy,0.003875968992140755,0.9861407248415627,0.0008305647840301616
Fruit Punch (with squashes),23.13,5.99,0.07,0.02,5.88,0.17,0.0,3.3,1,Healthy,0.0030263726760472822,0.9816360599362878,0.0008646779074420806
Lemonade,20.8,5.48,0.03,0.01,5.47,0.02,0.0,1.84,1,Healthy,0.0014423076922383505,0.9981751822996029,0.00048076923074611685
Lem-o-gin,21.52,5.55,0.08,0.03,5.38,0.13,0.0,2.2,1,Healthy,0.003717472118786363,0.9693693691947082,0.001394052044544886
Cumin infused water (Jeere/Zeere ka pani),9.09,1.86,0.17,0.11,1.46,0.46,0.0,10.84,0,Healthy,0.01870187018496129,0.7849462361371256,0.012101210119680836
Coco pine cooler,32.75,5.72,0.56,1.0,5.52,0.26,3.4,17.81,1,Healthy,0.017099236640699265,0.9650349648662526,0.030534351144105826
Summer cooler,22.43,5.43,0.37,0.04,5.21,0.2,0.0,8.13,1,Healthy,0.016495764600245395,0.9594843460479772,0.001783325902729232
Hot cocoa,90.1,9.23,3.36,4.56,9.01,0.0,0.0,113.66,2,Healthy,0.03729189789081807,0.9761646802842724,0.05061043285182452
Cold coffee with ice cream,67.85,11.24,1.57,2.11,11.18,0.01,1.17,53.29,2,Healthy,0.023139277818376727,0.9946619216196919,0.031098010316417124
Banana milkshake (Kele milkshake),65.31,9.15,1.84,2.37,7.96,0.26,0.0,62.64,0,Healthy,0.028173327208265604,0.8699453550961808,0.03628847037151602
Mango milkshake (Aam milkshake),56.9,7.23,1.73,2.35,7.15,0.26,0.0,62.33,0,Healthy,0.030404217925651948,0.9889349929475885,0.04130052724004745
Pineapple milkshake (Ananas milkshake),55.72,7.62,1.66,2.23,7.6,0.0,0.0,59.92,0,Healthy,0.02979181622344236,0.9973753279531002,0.04002153625197377
Orange milkshake (Narangi milkshake),57.42,7.11,1.86,2.52,7.08,0.0,0.0,67.42,0,Healthy,0.03239289446129584,0.995780590577246,0.04388714733465888
Egg nog,97.14,8.15,4.78,5.11,8.06,0.02,60.3,102.13,1,Healthy,0.04920732962683542,0.9889570550933795,0.05260448836676339
Sweet Lassi (Meethi lassi),35.66,6.51,1.29,0.68,6.51,0.0,2.49,45.65,1,Healthy,0.03617498597767317,0.9999999998463902,0.019068984856447875
Lassi (salted),18.84,1.86,1.35,0.72,1.84,0.02,2.6,47.78,0,Healthy,0.07165605095161062,0.9892473112961035,0.03821656050752566
Cheese and chilli sandwich ,218.11,27.4,6.8,9.78,2.38,2.08,23.05,113.79,-1,Healthy,0.03117692907234342,0.08686131386544302,0.04483975975404685
Egg sandwich (Ande ka sandwich),285.96,29.16,8.69,15.8,1.86,1.88,121.63,110.13,2,Healthy,0.030388865575498712,0.06378600822826523,0.055252482864543116
Cucumber sandwich (Kheere ka sandwich),188.6,25.77,4.8,8.0,1.64,2.45,17.53,87.84,0,Healthy,0.025450689289366647,0.06363989134405744,0.04241781548227774
Cheese and pineapple sandwich (Cheese aur ananas ka sandwich),257.71,29.1,8.2,12.8,4.1,2.33,34.35,199.73,0,Healthy,0.03181871095404983,0.1408934707855363,0.049668231733150964
Cheese and tomato sandwich (Cheese aur tamatar ke sandwich),243.32,26.92,7.92,12.27,2.85,1.97,32.88,191.2,1,Healthy,0.032549728752126625,0.10586924219517573,0.05042742068037799
Chicken sandwich,253.27,25.38,13.12,11.75,1.6,1.64,42.06,89.56,0,Healthy,0.05180242429007856,0.06304176516694084,0.046393177241495664
Peanut and tomato sandwich (Moongfali aur tamatar ka sandwich),291.43,28.54,9.53,16.14,2.82,4.03,17.53,94.03,-1,Healthy,0.032700820093906936,0.09880868955505225,0.055382081460194965
Rainbow sandwich,272.75,34.26,7.75,12.54,4.05,2.1,31.16,172.04,1,Healthy,0.028414298808328454,0.11821366024173341,0.045976168652443715
Club sandwich ,235.32,18.51,7.31,15.12,2.01,1.81,31.26,115.68,2,Healthy,0.031064082950743397,0.10858995137176713,0.06425293217718743
Vegetarian club sandwich,198.33,19.68,5.45,11.33,2.08,2.06,23.13,122.44,0,Healthy,0.027479453436053652,0.10569105690519863,0.05712701053770419
Pin wheel sandwich,311.52,14.0,8.77,24.93,1.45,0.93,179.52,67.75,10,Moderate,0.028152285567449434,0.10357142856403061,0.08002696456060598
Carrot apple sandwich (Gajar aur seb ka sandwich),214.11,29.04,5.3,9.12,5.3,3.66,21.05,118.05,0,Healthy,0.024753631310892747,0.18250688704605691,0.042594927840630535
Salami sandwich,255.59,21.54,8.7,15.51,2.0,1.97,33.35,73.54,1,Healthy,0.03403889041028976,0.09285051067349813,0.06068312531765451
Vegetable and mayonnaise sandwich,244.26,23.2,4.47,15.4,2.35,2.35,21.87,79.53,4,Moderate,0.01830017194784942,0.1012931034439098,0.0630475722588101
Egg and tomato sandwich (Ande aur tamatar ka sandwich),222.11,25.9,7.66,10.51,2.09,1.77,95.63,95.71,0,Healthy,0.03448741614499803,0.08069498069186505,0.04731889604228842
Sweet open sandwich,244.25,39.24,4.99,8.15,12.23,2.36,18.05,85.18,2,Healthy,0.020429887410356482,0.3116717634986832,0.033367451381644354
Mushroom and cheese sandwich (toasted),227.42,21.01,7.79,13.01,2.11,2.28,35.12,172.35,0,Healthy,0.03425380353515851,0.1004283674392942,0.057206929909167155
Cheese and tomato sandwich (toasted) (Cheese aur tamatar ke sandwich (toasted)),224.58,21.42,6.82,12.95,2.67,1.78,35.12,169.22,1,Healthy,0.030367797666620504,0.12464985993815826,0.057663193516530126
Pea potato sandwich (toasted) (Matar aloo ka sandwich),164.9,25.17,4.6,5.43,1.33,2.89,0.0,64.15,-2,Healthy,0.027895694360049145,0.0528406833510989,0.03292904790762323
Paneer pea sandwich (toasted) (Paneer matar ka sandwich),249.56,24.05,12.4,11.98,6.4,2.12,0.0,274.1,0,Healthy,0.04968744991164575,0.26611226610120114,0.04800448789850936
Chicken sandwich (toasted),167.37,18.82,12.08,5.32,2.13,1.64,26.57,99.99,-3,Healthy,0.07217541972831347,0.11317747076975677,0.03178586365518441
Pea keema sandwich (toasted) (Matar aur keema ka sandwich),171.78,20.26,11.06,5.61,1.94,2.45,27.29,70.79,-4,Healthy,0.06438467807623481,0.09575518262113744,0.032658050995269194
Classic club sandwich,200.83,18.49,6.74,11.56,1.86,1.62,62.87,107.73,0,Healthy,0.03356072299938475,0.1005949161654627,0.057561121346125774
Sesame toast,495.19,11.15,1.9,49.38,1.46,1.32,0.0,43.44,15,Unhealthy,0.0038369110846264323,0.13094170402413077,0.09971929966255434
Cracked wheat porridge (Meetha daliya),81.57,8.87,2.64,4.08,5.12,0.62,0.0,75.88,2,Healthy,0.03236484001431452,0.577226606473819,0.05001838911303153
Semolina porridge (Suji/Rava daliya),100.89,12.39,3.75,4.08,7.54,0.7,0.0,108.52,1,Healthy,0.03716919417150194,0.6085552864722715,0.04044008325859411
Oatmeal Porridge,72.85,8.77,2.6,3.22,5.2,0.39,0.02,76.83,1,Healthy,0.035689773506716684,0.5929304446302246,0.0442004118044722
Cornflakes with milk,117.33,14.95,3.59,5.12,9.97,0.78,0.0,106.47,2,Healthy,0.03059746015485726,0.6668896320624155,0.04363760334063208
Rice flakes (Chiwda/Aval),112.44,15.57,3.62,3.99,7.28,0.37,0.0,103.15,1,Healthy,0.03219494841664715,0.46756583169765153,0.03548559231558622
Wheat flakes,112.44,15.57,3.62,3.99,7.28,0.37,0.0,103.15,1,Healthy,0.03219494841664715,0.46756583169765153,0.03548559231558622
Murmura (Puffed rice),113.32,15.67,3.62,4.04,7.31,0.28,0.0,103.79,1,Healthy,0.03194493469791789,0.4664964900787175,0.035651253088284054
Puffed wheat (Murmure/Moori),113.32,15.67,3.62,4.04,7.31,0.28,0.0,103.79,1,Healthy,0.03194493469791789,0.4664964900787175,0.035651253088284054
Boiled egg (Ubla anda),45.35,0.12,4.43,3.04,0.0,0.11,121.19,17.75,-1,Healthy,0.09768467474977542,0.0,0.0670341786093267
Fried Egg ,223.67,0.31,11.59,19.62,0.0,0.29,316.88,46.4,3,Moderate,0.05181740957637673,0.0,0.08771851388166622
Poached egg,123.87,0.37,11.98,8.19,0.05,0.3,326.79,48.24,-2,Healthy,0.09671429724633314,0.13513513476990505,0.06611770404402907
Scrambled egg (Ande ki bhurji),155.97,1.35,10.29,12.21,1.08,0.24,273.6,64.59,0,Healthy,0.06597422581223329,0.7999999994074074,0.07828428543900569
Baked egg ,218.85,15.42,11.88,12.65,1.66,1.03,204.36,164.05,0,Healthy,0.054283755997010366,0.1076523994742119,0.05780214758940918
Plain omelette/omlet,272.41,0.64,9.66,25.74,0.51,0.12,255.94,48.4,11,Unhealthy,0.03546125325782658,0.7968749987548829,0.09448992327706585
Stuffed egg omelette/omlet,203.51,2.3,8.6,17.77,1.57,0.75,154.38,89.91,2,Healthy,0.04225836568206841,0.6826086953553876,0.08731757653143671
Pancake,203.36,20.49,5.68,10.82,3.32,0.65,35.93,79.49,2,Healthy,0.02793076317846218,0.16203025865485454,0.05320613689981704
Keema pancake,176.27,9.56,9.01,11.25,2.2,0.84,46.43,40.96,0,Healthy,0.051114767118334854,0.2301255229884806,0.06382254495907515
Vegetable pancake,125.18,12.24,3.87,6.57,2.09,2.48,19.32,42.89,-1,Healthy,0.030915481706095895,0.1707516339729778,0.05248442243127908
Jam and fruit pancake,162.02,20.73,3.79,7.01,7.85,1.21,23.09,54.06,2,Healthy,0.023392173805558622,0.3786782440724226,0.04326626342400156
Khoa and coconut pancake,271.98,27.32,6.98,15.29,16.47,1.65,21.35,157.22,10,Moderate,0.025663651739004107,0.602855051222443,0.0562173689239789
Brown stock,21.32,0.25,1.95,1.38,0.14,0.09,0.0,17.16,-1,Healthy,0.09146341462985631,0.55999999776,0.06472795496882139
Vegetable stock,17.6,0.96,0.3,1.38,0.44,0.38,3.46,5.08,0,Healthy,0.01704545454448605,0.45833333285590283,0.07840909090463584
Chicken stock,29.88,0.37,3.69,1.51,0.2,0.1,10.23,3.57,-2,Healthy,0.12349397589948147,0.5405405390796202,0.05053547523257913
Clear tomato soup (Tamatar ka soup),80.07,3.45,4.79,12.22,1.44,1.96,0.0,29.05,1,Healthy,0.059822655175973245,0.41739130422684306,0.1526164605950716
Lentil soup,31.17,3.94,9.65,11.68,1.06,2.57,2.19,40.57,-4,Healthy,0.3095925569358488,0.26903553292664073,0.3747192813482605
Chicken consomme (Clear chicken soup),47.94,1.19,11.47,12.02,0.54,1.57,17.0,35.48,-2,Healthy,0.23925740508470472,0.45378151222371305,0.25073007926051877
Cream of tomato soup,97.81,3.93,4.61,13.12,1.81,1.38,5.47,39.61,2,Healthy,0.04713219507159665,0.46055979632046823,0.13413761373955485
Cream of green peas soup,127.84,6.75,7.13,14.78,1.61,2.95,6.19,51.01,-2,Healthy,0.05577284105087787,0.23851851848318245,0.11561326658232467
Cream of spinach soup,100.54,3.45,5.21,13.31,1.13,1.74,5.47,70.77,1,Healthy,0.05182017107567316,0.3275362317891199,0.13238512034879266
Cream of mixed vegetable soup,59.65,4.93,6.84,9.05,2.1,2.14,7.05,65.26,-3,Healthy,0.11466890192599047,0.4259634887574111,0.15171835708044062
Cream of mushroom soup,117.28,3.74,6.64,15.5,1.93,1.34,6.74,70.56,1,Healthy,0.05661664392857591,0.5160427806106836,0.13216234652001907
Chicken sweet corn soup,28.32,1.63,14.48,12.59,0.27,0.47,6.37,91.5,-1,Healthy,0.5112994350101943,0.16564417167751894,0.44456214687695755
Minestrone soup,42.66,3.71,9.3,11.09,1.01,1.92,3.7,53.55,-4,Healthy,0.21800281293441162,0.2722371966921194,0.25996249413361555
Egg drop soup,26.64,1.1,12.93,13.52,0.6,0.81,31.67,100.14,-1,Healthy,0.4853603603421411,0.5454545449586776,0.5075075074884569
Chinese cabbage and meat ball soup,484.31,1.43,5.21,56.57,0.37,0.57,5.83,41.07,16,Unhealthy,0.010757572629078983,0.25874125856032076,0.11680535194376163
French onion soup,55.61,4.28,11.41,14.39,1.5,1.01,10.59,106.22,-2,Healthy,0.20517892465014964,0.35046728963774126,0.2587664089146059
Hot and sour soup,31.51,1.78,3.12,1.31,0.66,0.6,17.91,10.68,-1,Healthy,0.09901618533484556,0.37078651664562556,0.0415741034578999
Talaumein soup,35.63,4.17,10.12,12.78,0.77,1.94,12.4,42.33,-3,Healthy,0.28403031152725144,0.18465227813317692,0.3586865001302642
Cold cucumber soup (Thanda kheere ka soup),48.03,4.58,2.99,1.99,3.34,0.88,7.06,99.79,-1,Healthy,0.06225275869118775,0.7292576417621708,0.041432438058683484
Cold summer garden soup,49.19,2.65,8.57,14.08,0.46,1.86,10.12,43.93,-2,Healthy,0.17422240292388247,0.17358490559487363,0.28623704004297146
Chapati/Roti,202.31,35.65,5.88,3.56,1.0,6.31,6.83,17.22,-5,Healthy,0.029064307251104423,0.028050490882803637,0.01759675745134894
Plain parantha/paratha,298.3,30.69,5.06,16.86,0.86,5.43,0.0,14.81,0,Healthy,0.016962789138394357,0.028022157053502045,0.05652028159551954
Potato parantha/paratha (Aloo ka parantha/paratha),205.04,23.92,3.7,10.22,1.15,4.18,0.0,17.38,-1,Healthy,0.01804525946148047,0.048076923074913167,0.049843932890900104
Radish parantha/paratha (Mooli ka parantha/paratha),183.52,20.54,3.3,9.53,1.31,4.32,0.0,23.75,-1,Healthy,0.01798169136869016,0.06377799415463593,0.0519289450738234
Cauliflower parantha/paratha (Phoolgobhi ka parantha/paratha),178.07,18.84,3.73,9.47,1.15,4.68,0.0,22.0,-1,Healthy,0.02094681866669879,0.06104033969952015,0.053181333183280846
Dal parantha/paratha,268.24,30.03,6.78,13.05,1.43,6.46,0.0,23.89,-2,Healthy,0.025275872353022383,0.0476190476174619,0.04865046227241034
Sprouted moong parantha/paratha,228.59,24.31,4.29,12.43,1.47,4.49,0.0,20.33,0,Healthy,0.01876722516287341,0.06046894281939659,0.054376831882171676
Pea parantha/paratha (Matar ka parantha/paratha),190.73,21.51,5.59,8.8,1.29,5.61,0.0,23.49,-4,Healthy,0.02930844649489169,0.059972105994422494,0.0461385204212964
Keema parantha/paratha,238.09,18.36,9.41,13.91,0.99,3.44,25.66,19.35,-2,Healthy,0.03952286950296307,0.053921568624514075,0.05842328531203149
Paneer parantha/paratha,262.97,24.33,7.98,14.62,3.77,4.0,0.0,127.65,-1,Healthy,0.030345666805984158,0.1549527332447615,0.05559569532625167
Besan and spinach parantha/paratha (Besan aur palak ka parantha/paratha),216.49,21.39,5.54,12.09,1.31,4.39,0.0,33.07,-1,Healthy,0.025590096540137698,0.06124357175964266,0.0558455355903005
Poori,737.63,8.22,1.35,77.61,0.23,1.46,1.58,3.98,18,Unhealthy,0.001830185865539864,0.027980535276401392,0.10521535187003618
Spinach poori (Palak poori),684.25,7.76,1.42,71.86,0.24,1.55,1.46,10.02,17,Unhealthy,0.0020752648885610883,0.030927835047560845,0.10502009499436607
Methi poori,710.02,7.98,1.45,74.6,0.26,1.61,1.51,14.61,17,Unhealthy,0.0020421959944761526,0.032581453630002324,0.10506746288822136
Dal stuffed poori,785.16,10.14,2.08,81.69,0.29,1.96,1.66,6.88,17,Unhealthy,0.002649141576235864,0.02859960551986197,0.10404248815514794
Potato stuffed poori (Aloo ki poori),776.74,9.4,1.52,81.35,0.26,1.64,1.65,5.57,18,Unhealthy,0.001956896773692668,0.027659574465142597,0.10473260035519641
Tandoori parantha/paratha,295.37,30.74,5.08,16.51,0.86,5.44,39.77,14.98,0,Healthy,0.017198767647299325,0.027976577747951314,0.055895994853722805
Boiled rice (Uble chawal),117.19,25.72,2.6,0.18,0.22,1.25,0.0,2.7,-1,Healthy,0.022186193361018975,0.00855365474305779,0.001535967232685929
Plain pulao,140.21,21.82,2.34,4.62,1.15,1.69,0.0,12.76,0,Healthy,0.016689251836411886,0.052703941335806415,0.03295057413855681
Mixed vegetable pulao,113.05,17.49,2.72,3.33,1.35,2.67,0.0,19.61,-1,Healthy,0.024060150375727025,0.07718696397500362,0.029455992923224626
Mushroom pulao,124.29,19.02,2.52,4.03,1.0,1.88,0.0,13.54,0,Healthy,0.020275162925253234,0.052576235538770964,0.03242416928125815
Sprouted moong pulao,112.97,17.49,2.19,3.61,1.43,1.78,0.0,16.26,0,Healthy,0.019385677613354114,0.08176100628463345,0.031955386385483266
Paneer pulao,581.91,8.76,1.98,59.81,1.11,0.62,0.0,33.09,17,Unhealthy,0.003402588029070814,0.12671232875265842,0.10278221718117445
Peanut pulao ,193.28,21.18,5.32,9.51,1.6,2.9,0.0,18.52,-1,Healthy,0.027524834436943688,0.07554296505781195,0.04920322847656662
Navratan pulao,261.71,36.98,6.2,9.45,2.52,3.82,0.0,59.61,-1,Healthy,0.02369034427410611,0.06814494321070458,0.036108669901661734
Green chickpeas pulao (Choliya pulao/Hare chane ka pulao),173.43,27.57,4.88,4.82,2.48,3.15,0.0,18.94,-3,Healthy,0.028138153721800507,0.08995284729452474,0.02779219281538493
Mutton biryani/biriyani,190.76,22.5,7.38,7.72,2.39,2.42,0.4,68.58,-2,Healthy,0.0386873558395959,0.10622222221750124,0.04046970014656915
Vegetable biryani/biriyani,174.61,18.56,3.16,9.51,2.14,3.31,0.27,33.52,1,Healthy,0.018097474371352743,0.11530172413171867,0.05446423457960905
"Lemon rice (Pulihora, Elumichai sadam, Chitranna)",176.3,21.62,4.26,7.88,0.78,2.52,0.0,12.7,0,Healthy,0.024163357912511833,0.036077705826268375,0.04469653998840217
Sweet rice (Meethe chawal),215.41,42.59,2.1,4.57,24.8,1.13,9.55,11.38,6,Moderate,0.009748851028226412,0.5822963136749872,0.02121535676142605
Curd rice (Dahi bhaat/Dahi chawal/ Perugu annam/Daddojanam/Thayir saadam),195.74,32.93,5.75,4.32,3.91,2.13,3.12,101.52,-2,Healthy,0.029375702462300115,0.1187367142387265,0.022070092980371565
Tamarind rice (Chintapandu pulihora/Puliyodharai/Puli sadam/Huli anna),373.04,65.08,7.45,8.53,11.65,5.12,7.7,50.94,-1,Healthy,0.01997104868105305,0.17901044867579885,0.02286618057038691
Spanish rice,164.24,31.1,4.19,2.23,1.26,2.78,0.0,18.93,-2,Healthy,0.02551144666326406,0.04051446945207349,0.013577691183551037
Chinese fried rice,120.58,13.4,4.05,5.43,1.47,2.31,52.09,34.7,-2,Healthy,0.033587659644770375,0.10970149252912675,0.04503234367187732
Macroni cheese pie,170.63,21.1,5.85,7.48,3.4,0.4,15.99,122.01,1,Healthy,0.0342847096053784,0.16113744075065697,0.04383754322191973
Vegetable chowmein,129.71,15.44,3.07,6.36,1.97,1.86,0.0,28.33,1,Healthy,0.023668182869295597,0.1275906735668659,0.049032457019127035
Chicken chowmein,151.33,13.3,6.33,8.23,1.63,1.64,10.73,26.1,-1,Healthy,0.04182911517847202,0.12255639096822883,0.054384457807081316
Cheese noodle ring,133.67,13.96,6.22,6.12,2.84,1.27,55.67,99.3,-1,Healthy,0.046532505423456785,0.2034383954008998,0.045784394403787065
Spaghetti and cheese balls in tomato sauce,508.32,7.82,2.41,52.08,1.83,0.59,3.83,40.59,16,Unhealthy,0.00474110796347824,0.23401534523861697,0.10245514636429325
Penne platter,177.4,20.87,5.04,8.71,4.5,1.09,2.29,67.67,0,Healthy,0.0284103720404261,0.21562050789575368,0.049098083427006216
Pasta hot pot,125.17,11.6,5.84,6.47,5.99,0.8,27.19,55.28,1,Healthy,0.04665654709557676,0.5163793103003121,0.05168970200485987
Chicken lasagne,187.49,13.9,10.45,10.36,2.74,0.11,50.38,119.98,0,Healthy,0.055736305936019324,0.19712230214409193,0.05525628033465648
Fettuccine with spinach sauce,129.21,12.19,3.1,7.83,1.18,0.77,10.29,53.67,2,Healthy,0.023991951087191456,0.09680065626769478,0.060599024842809386
Naan,286.45,51.75,8.05,4.99,5.59,1.91,10.15,88.01,-2,Healthy,0.028102635712940822,0.10801932366941026,0.01742014313137574
Bhatura,793.2,10.73,1.63,82.56,0.69,0.38,0.38,12.12,19,Unhealthy,0.0020549672213791537,0.06430568498934709,0.10408472012089752
Idli,137.54,28.18,4.64,0.33,0.28,2.31,0.0,8.0,-3,Healthy,0.03373564054068827,0.009936124910932004,0.0023993020212127437
Masala dosa,164.58,19.57,3.29,7.84,1.33,2.52,0.0,15.58,0,Healthy,0.019990278283995685,0.06796116504507096,0.04763640782569184
Semolina dosa (Suji/Rava dosa),227.05,32.84,7.3,7.12,4.37,4.04,4.59,116.04,-4,Healthy,0.03215150847816713,0.13306942752335355,0.03135873155678767
Onion tomato uttapam,462.02,11.32,1.91,45.3,0.8,1.26,0.0,5.82,14,Unhealthy,0.004134020172277967,0.07067137808562973,0.09804770356240412
Paneer kaathi roll,285.94,20.1,6.92,19.55,3.29,2.4,30.84,101.66,3,Moderate,0.024200881303685386,0.16368159203165764,0.06837098692009383
Makki ki roti,263.97,24.19,3.49,16.85,0.7,5.19,39.07,14.76,1,Healthy,0.013221199378667193,0.028937577510172067,0.06383301132680293
Washed moong dal (Dhuli moong ki dal),50.0,5.91,2.68,1.68,0.12,1.17,0.0,8.48,-2,Healthy,0.053599999998928005,0.02030456852448315,0.033599999999328
Washed urad dal (Dhuli urad ki dal),61.32,5.84,2.51,2.98,0.32,1.53,0.0,10.24,-2,Healthy,0.040932811480089155,0.05479452053856258,0.048597521199468405
Split bengal gram with bottle gourd (Channa dal with ghiya/lauki),73.25,7.1,2.79,3.6,1.05,2.72,0.0,14.33,-2,Healthy,0.038088737200845206,0.14788732392283277,0.04914675767850994
Dry washed urad,124.71,15.66,6.85,3.5,0.73,4.06,0.0,27.08,-6,Healthy,0.054927431640967625,0.046615581095362985,0.028065111057428715
Mixed dal,61.93,5.79,2.51,3.1,0.34,1.62,0.0,11.0,-1,Healthy,0.04052963022702197,0.05872193435946081,0.05005651541982793
Whole moong (Moong ki dal),53.7,5.22,2.25,2.56,0.59,2.02,0.0,13.58,-3,Healthy,0.041899441340001876,0.11302681990171899,0.04767225325795769
Whole masoor (Masoor ki dal),54.05,5.37,2.28,2.52,0.67,1.98,0.0,12.2,-3,Healthy,0.04218316373649985,0.12476722530265043,0.04662349676139457
Whole moth (Moth ki dal),55.0,5.74,2.01,2.62,0.66,1.85,0.0,18.98,-2,Healthy,0.03654545454479008,0.11498257837718073,0.047636363635497524
Whole urad (Urad ki dal),53.8,5.05,2.21,2.62,0.57,2.32,0.0,13.07,-3,Healthy,0.04107806691373461,0.11287128710636211,0.048698884757459135
Moti mahal dal (Urad rajmah mix dal),103.13,8.74,3.93,5.66,1.7,3.38,1.92,38.13,-3,Healthy,0.03810724328480455,0.19450800913106314,0.0548821875297694
Black channa curry/Bengal gram curry (Kale chane ki curry),140.68,14.11,5.67,6.61,2.36,7.99,0.0,53.87,-5,Healthy,0.04030423656496798,0.16725726433966992,0.04698606767097679
Chickpeas curry (Safed channa curry),163.43,19.98,6.1,6.84,4.78,4.73,0.0,30.61,-3,Healthy,0.037324848558787704,0.2392392392272653,0.041852781006902935
Lobia curry,148.99,17.88,6.06,5.62,2.51,4.57,0.0,36.8,-5,Healthy,0.040673870729306165,0.14038031319125388,0.03772065239252487
Soyabean curry,163.28,6.76,10.43,10.19,2.66,7.34,0.0,65.13,-5,Healthy,0.0638780009795206,0.3934911242021463,0.062408133267623664
Kidney bean curry (Rajmah curry),143.73,16.38,5.95,5.77,2.49,5.83,0.0,47.87,-6,Healthy,0.041397063939042675,0.15201465200537154,0.04014471578626491
Sambar,96.92,10.57,3.35,4.38,3.31,3.52,0.0,30.24,-3,Healthy,0.03456458935168629,0.31315042570358087,0.04519191085384655
Besan kadhi with pakodies,403.35,3.56,1.64,42.59,0.88,0.81,0.94,24.53,15,Unhealthy,0.004065947688101981,0.24719101116651937,0.1055906780708923
Khatta channa,202.57,21.14,6.3,10.56,4.75,5.26,0.0,40.77,-2,Healthy,0.031100360369101545,0.22469252600640052,0.052130127856779736
Sprouted moong dal chat,32.47,6.01,1.35,0.32,1.57,1.35,0.0,16.54,-1,Healthy,0.04157684015886737,0.26123128115453725,0.009855251000620412
Potato cauliflower (Aloo gobhi),106.18,5.99,1.9,8.13,0.44,3.02,0.0,22.87,-1,Healthy,0.017894142022811317,0.07345575958706915,0.07656809191866107
Potato capsicum (Shimla mirch aloo),125.53,8.72,1.41,9.33,0.54,2.02,0.0,16.45,2,Healthy,0.011232374731050486,0.06192660549748548,0.07432486258205748
Cabbage and peas (Pattagobhi aur matar),63.88,6.24,3.24,2.64,0.97,3.99,0.0,45.5,-6,Healthy,0.050720100187058234,0.1554487179238063,0.04132748904130671
Carrot and fenugreek leaves (Gajar methi),61.92,4.17,2.1,3.81,2.11,4.43,0.0,128.83,-4,Healthy,0.033914728681622826,0.5059952037155887,0.06153100775094427
Potato fenugreek (Aloo methi),135.15,8.47,2.25,10.04,0.54,2.93,0.0,107.8,0,Healthy,0.01664816870131966,0.06375442738326394,0.07428782833833306
Brinjal bhartha (Baingan ka bhartha),65.12,4.4,1.38,4.48,1.82,3.27,0.0,17.85,-2,Healthy,0.021191646191320763,0.41363636354235533,0.06879606879501235
Dry potato (Sookhe aloo),103.15,14.38,1.62,4.18,0.33,1.88,0.0,17.2,0,Healthy,0.015705283567467712,0.022948539636790784,0.04052350945186113
Beans with coconut (Nariyal aur sem/phali; Beans thoran),131.63,4.39,2.62,11.39,2.06,5.59,0.0,51.92,-2,Healthy,0.019904277140318286,0.46924829146486374,0.08653042619397912
Cauliflower with coconut (Nariyal ke saath phoolgobhi),132.11,3.99,2.64,11.56,1.71,5.27,0.0,35.37,-2,Healthy,0.019983347210506524,0.42857142846401713,0.08750283854297553
Carrot and cabbage with coconut (Nariyal ke saath pattagobhi aur gajar),106.61,4.99,1.82,8.62,2.36,4.52,0.0,48.63,-2,Healthy,0.01707156927101518,0.47294589168878837,0.08085545445942353
Raw turnip with coconut ,132.15,5.78,1.8,11.47,4.4,2.79,0.0,50.65,1,Healthy,0.01362088535744517,0.761245674608781,0.0867953083610534
Raw papaya with coconut (Papaya thoran),132.75,5.58,1.54,11.42,3.82,4.31,0.0,33.74,0,Healthy,0.011600753295581164,0.6845878134973856,0.08602636534775122
Stuffed okra (Bharwa bhindi),94.34,3.85,2.08,7.66,0.48,4.15,0.0,86.89,-2,Healthy,0.022047911808119058,0.12467532464294147,0.08119567521643846
Stuffed round gourd (Bharwa tinde),72.8,4.02,1.1,5.75,1.96,2.1,0.0,20.21,-1,Healthy,0.015109890109682557,0.4875621889334423,0.07898351648243154
Stuffed capsicum (Bharwa shimla mirch),90.94,8.26,1.34,5.7,1.21,2.01,0.0,15.17,0,Healthy,0.014734990103202826,0.146489104098488,0.06267868924496725
Stuffed brinjal (Bharwa baingan),93.0,3.96,1.53,7.73,0.92,4.09,0.0,24.37,-1,Healthy,0.016451612903048907,0.23232323226456486,0.08311827956899873
Stuffed tomatoes (Bharwa tamatar),93.35,6.19,3.28,6.06,2.68,2.2,0.0,59.16,-1,Healthy,0.03513658275270341,0.43295638119015245,0.06491697911017764
Pea potato curry (Aloo matar),100.92,9.74,3.48,5.13,1.86,3.61,0.0,21.1,-3,Healthy,0.03448275862034797,0.1909650923828578,0.05083234244896123
Pea paneer curry (Matar paneer),134.83,9.29,6.61,7.75,3.89,3.3,0.0,105.2,-4,Healthy,0.04902469776719555,0.41872981696246186,0.057479789363958464
Pea mushroom curry (Matar mushroom),93.3,7.41,3.87,5.16,1.82,3.86,0.0,22.7,-4,Healthy,0.04147909967801201,0.245614035054573,0.05530546623734935
Pea curry (Matar ki sabzi),102.99,9.2,4.51,5.11,1.98,4.44,0.0,24.48,-4,Healthy,0.043790659286884255,0.21521739128095466,0.049616467617733605
Pea vadi curry,101.95,8.9,4.64,5.08,1.92,4.28,0.0,23.62,-4,Healthy,0.04551250613000968,0.2157303370544123,0.04982834722854509
Paneer curry,176.52,8.4,7.8,12.38,6.29,1.4,0.0,189.06,2,Healthy,0.044187627464059666,0.7488095237203798,0.07013369589808445
Lotus stem curry (Kamal kakdi curry),110.34,9.24,1.53,7.25,2.09,3.14,0.0,26.59,0,Healthy,0.013866231647508916,0.2261904761659967,0.06570599963688865
Gravy for kofta,125.59,6.31,1.75,10.35,3.73,1.96,1.18,39.65,1,Healthy,0.013934230432248314,0.5911251980045761,0.08241101998501145
Pea kofta curry (Matar kofta curry),595.66,4.17,2.01,63.39,0.88,1.7,0.21,13.84,16,Unhealthy,0.003374408219448386,0.21103117500934504,0.1064197696670812
Spinach kofta curry (Palak kofta curry),571.78,3.56,1.09,61.49,0.82,0.92,0.2,29.31,16,Unhealthy,0.0019063276085174259,0.23033707858698393,0.1075413620621436
Paneer kofta curry,670.91,3.27,2.39,72.06,1.98,0.4,0.24,59.49,18,Unhealthy,0.0035623257963011998,0.6055045869707937,0.1074063585278094
Lotus stem kofta curry (Kamal kakdi kofta curry),633.56,5.01,0.96,67.76,0.88,1.01,0.23,19.31,16,Unhealthy,0.0015152471746929807,0.17564870255975076,0.10695119641374623
Raw banana kofta curry (Kela kofta curry),627.27,3.4,0.62,67.98,2.3,0.59,0.23,9.23,17,Unhealthy,0.0009884100945350672,0.6764705880363321,0.10837438423628044
Cauliflower kofta curry (Phoolgobhi kofta curry),641.1,2.62,1.04,69.62,0.83,1.0,0.23,12.26,17,Unhealthy,0.001622211823425952,0.31679389300885724,0.1085946030258796
Cabbage kofta curry (Pattagobhi kofta curry),639.81,2.87,0.98,69.4,0.89,0.9,0.23,15.46,17,Unhealthy,0.0015317047248377931,0.31010452950867434,0.10846970194259474
Ghiya/Lauki Kofta Curry,638.71,2.71,0.89,69.4,0.82,0.83,0.23,11.64,17,Unhealthy,0.0013934336396777983,0.302583025718604,0.1086565107793699
Spinach paneer kofta curry (Palak paneer kofta curry),606.03,2.94,1.43,65.41,1.16,0.75,0.22,37.71,17,Unhealthy,0.002359619160763725,0.3945578229950483,0.10793195056332536
Vegetarian egg kofta curry,627.41,4.26,1.33,67.24,1.19,0.64,0.22,28.39,17,Unhealthy,0.002119825951129055,0.27934272293912144,0.10717074958941175
Baked vegetables,88.99,8.44,3.67,4.44,2.56,2.34,8.27,80.2,-2,Healthy,0.041240588829742214,0.30331753550908563,0.04989324643162273
Cauliflower musallam (Phoolgobhi musallam),58.83,4.48,1.89,3.55,1.71,3.06,0.0,24.61,-3,Healthy,0.032126466088184154,0.3816964284862284,0.06034336222912896
Baked vegetables with spinach ,77.79,6.93,3.22,4.03,2.09,2.33,6.55,78.63,-3,Healthy,0.041393495307348066,0.3015873015437825,0.05180614474801637
Baked potato with skin ,135.77,11.11,3.43,8.5,1.66,1.2,21.72,90.06,0,Healthy,0.02526331295554789,0.14941494148070072,0.0626058775866347
Shepherd's pie (vegetarian),135.63,12.03,5.04,7.3,2.78,2.23,10.62,85.59,-2,Healthy,0.03715992037132523,0.23108894428669252,0.053822900537832175
Baked brinjal in tomato sauce,38.63,4.13,1.58,1.62,2.2,2.34,0.0,26.24,-2,Healthy,0.040900854257289655,0.5326876512027391,0.04193631892203116
Dum aloo,682.33,3.33,0.7,74.01,0.71,0.68,0.49,16.49,18,Unhealthy,0.0010258965603138863,0.2132132131491852,0.10846657775547247
Spinach paneer (Palak paneer),77.68,4.43,4.03,4.76,2.55,1.91,0.0,113.25,-3,Healthy,0.05187950566359578,0.5756207673644197,0.061277033984793026
Methi chaman,475.62,2.78,1.54,50.91,1.79,0.53,0.0,60.57,15,Unhealthy,0.0032378789790100545,0.6438848918547178,0.1070392330009103
Sarson ka saag,87.84,5.33,3.0,5.86,0.75,3.69,13.24,134.41,-2,Healthy,0.034153005464092064,0.14071294556459418,0.0667122040065265
Jackfruit sabzi (Kathal ki sabzi),625.4,3.4,0.69,67.6,2.59,1.02,0.0,9.85,16,Unhealthy,0.001103293891907414,0.7617647056583045,0.1080908218738278
Avial,124.56,8.47,2.46,8.94,3.83,5.44,0.0,31.9,-3,Healthy,0.019749518304273045,0.4521841794035201,0.07177263969113862
Al yakhani,147.54,4.65,2.86,13.14,3.56,1.27,4.74,103.88,3,Moderate,0.01938457367480423,0.765591397684819,0.08906059373668795
Shahi paneer,156.5,6.64,5.06,12.34,5.01,1.4,23.7,125.38,2,Healthy,0.03233226837040043,0.7545180721755244,0.07884984025508722
Paneer in butter sauce,145.61,9.7,6.99,8.81,7.49,1.5,9.9,170.59,-1,Healthy,0.048004944715005805,0.7721649483740037,0.06050408625739644
Methi malai paneer,194.98,8.15,7.34,14.76,6.0,1.47,7.11,183.96,2,Healthy,0.037644886654848476,0.736196318928074,0.07570007180184789
Chilli paneer,777.51,3.31,2.1,84.01,1.5,0.5,0.34,42.9,19,Unhealthy,0.0027009298915734834,0.4531722053011564,0.1080500572338516
Paneer makhana korma,775.82,4.63,3.24,82.76,1.84,0.21,1.58,72.89,19,Unhealthy,0.004176226444272929,0.39740820725757925,0.10667422855803321
Kadhai Paneer,107.99,7.34,4.33,6.81,5.54,2.07,0.0,91.53,0,Healthy,0.0400963052130744,0.7547683922677427,0.06306139457298766
Roghan josh,139.59,4.93,9.56,9.02,2.66,2.08,1.4,112.33,-3,Healthy,0.06848628125174808,0.5395537524260541,0.06461780929819745
Spinach mutton (Palak mutton),80.32,3.45,5.74,4.71,1.42,2.23,0.68,96.88,-3,Healthy,0.07146414342540508,0.411594202779248,0.058640438246281866
Pea keema curry (Matar keema ki sabzi),133.0,6.24,8.43,8.14,1.82,2.96,22.87,35.6,-5,Healthy,0.06338345864613998,0.2916666666199252,0.06120300751833683
Keema kofta curry,154.45,5.64,9.77,10.39,2.14,1.51,57.79,49.89,-2,Healthy,0.0632567173838572,0.37943262404619993,0.06727096147577036
Kashmiri mutton koftas (Gushtaba),97.42,3.04,6.33,6.77,2.13,0.62,25.31,52.53,0,Healthy,0.0649763908841616,0.7006578945063625,0.06949291726473524
Mutton yakhni,104.13,0.84,8.27,7.7,0.13,0.67,0.0,88.61,-2,Healthy,0.07941995582368751,0.15476190457766442,0.07394602900149864
Chicken yakhni,99.0,0.78,10.66,6.1,0.12,0.62,29.29,28.24,-2,Healthy,0.10767676767568003,0.15384615364891518,0.061616161615539226
Mutton do piaza,183.3,4.14,9.39,14.41,2.9,1.93,77.86,118.61,-1,Healthy,0.0512274959080675,0.7004830916182408,0.07861429350748164
Mutton chops,663.64,1.48,4.03,71.31,0.42,0.17,13.32,36.18,18,Unhealthy,0.0060725694653636425,0.283783783592038,0.10745283587471001
Shammi kebab,685.69,3.54,4.52,72.61,0.31,1.05,24.6,13.11,17,Unhealthy,0.006591900129786649,0.08757062144418909,0.10589333372208155
Scotch egg,676.89,1.91,4.05,72.62,0.3,0.36,48.59,15.03,18,Unhealthy,0.005983246908646924,0.15706806274499055,0.10728478777924437
Shepherd's pie (with minced meat),142.78,8.06,7.45,8.88,1.7,1.05,33.31,21.3,-2,Healthy,0.05217817621479075,0.21091811411775208,0.06219358453521367
Chicken curry,129.22,3.38,11.79,7.57,1.79,1.41,31.25,27.29,-3,Healthy,0.09123974616861756,0.5295857986598859,0.05858226280716158
Tandoori chicken,145.2,2.34,16.26,7.93,1.58,0.5,44.25,44.33,-2,Healthy,0.11198347107360895,0.6752136749251224,0.054614325068494396
Butter chicken,137.0,3.74,10.92,8.7,2.37,1.32,39.26,25.28,-3,Healthy,0.07970802919649848,0.6336898394027567,0.06350364963457296
Chicken kebab,729.41,1.11,3.71,78.89,0.24,0.21,9.94,3.46,19,Unhealthy,0.005086302628144547,0.2162162160214268,0.10815590682865857
Chilli chicken,198.83,2.86,9.57,16.56,0.93,0.99,23.87,12.97,1,Healthy,0.04813156968240139,0.3251748250611277,0.08328723029681995
Fried chicken with tomato sauce (Fried chicken tamatar ki chutney kay saath),125.03,2.51,11.48,7.61,1.16,1.13,31.09,16.09,-3,Healthy,0.09181796368798034,0.4621513942381867,0.06086539230535979
Fish curry (Machli curry),111.13,3.77,8.76,6.69,2.02,1.89,19.22,52.06,-3,Healthy,0.07882659947737941,0.5358090184255149,0.060199766039231536
Fried fish (Indian style) (Tali hui machli),658.54,5.4,4.35,68.88,0.4,0.61,6.57,11.11,18,Unhealthy,0.006605521304694315,0.07407407406035665,0.10459501321088378
Fried fish and Chips (English Style) (Tali hui machli aur chips),651.75,2.77,3.36,69.69,0.17,0.29,12.51,6.56,18,Unhealthy,0.0051553509781278786,0.06137184113307876,0.1069275028767059
Tomato fish,489.79,3.18,2.39,51.91,1.35,0.72,5.17,6.46,16,Unhealthy,0.004879642295667777,0.424528301753293,0.10598419730883442
Baked fish with cheese sauce,113.96,4.06,8.64,7.02,3.22,0.08,21.37,115.64,-2,Healthy,0.07581607581541054,0.7931034480805165,0.06160056160002105
Fish tikka,117.33,3.91,16.0,4.15,1.18,1.18,32.73,31.98,-4,Healthy,0.13636751043947526,0.30179028125273905,0.035370323020238896
Tandoori fish,95.98,2.37,11.19,4.64,1.6,0.58,23.41,37.27,-3,Healthy,0.11658678891314245,0.6751054849472129,0.04834340487551215
"Paneer, apple and pineapple salad",95.08,8.35,3.88,5.07,6.36,1.65,6.52,103.05,0,Healthy,0.04080774084938149,0.7616766466153682,0.05332351703772272
Russian salad,114.83,6.5,4.26,7.84,1.66,2.57,64.49,34.92,-1,Healthy,0.03709831925422713,0.2553846153453254,0.06827484106881238
Pasta salad,190.36,12.7,4.15,13.92,2.6,0.96,12.7,66.74,3,Moderate,0.021800798486962595,0.20472440943269887,0.07312460600928175
Deviled egg,98.56,2.23,4.97,7.72,0.82,1.15,118.13,36.84,-1,Healthy,0.05042613636312473,0.3677130043194112,0.07832792207712735
Hawain salad,175.23,14.35,4.27,11.37,5.24,3.93,4.24,61.03,0,Healthy,0.02436797352037683,0.36515679439964066,0.06488614963154206
Mixed pulse and vegetable salad,83.12,13.96,4.74,0.84,1.36,2.96,0.0,51.63,-4,Healthy,0.057025986524819224,0.09742120343141682,0.010105871029714797
Sprouted moong salad ,37.81,5.48,2.29,0.74,2.13,0.95,1.62,54.56,-2,Healthy,0.060565987832304526,0.38868613131593316,0.01957154191960932
Tossed salad,62.96,4.95,1.02,4.22,1.56,2.15,0.0,32.37,-1,Healthy,0.01620076238856098,0.31515151508784817,0.06702668360757581
Mixed vegetable salad with curd sauce,60.28,7.03,4.23,1.5,2.16,3.79,4.09,65.51,-6,Healthy,0.07017252820056118,0.3072546230003905,0.02488387524842595
Potato salad (Aloo ka salaad),89.91,11.19,1.4,4.4,3.94,1.32,0.0,25.61,1,Healthy,0.015571126682064607,0.3521000893340393,0.0489378267150602
Waldroff salad,141.75,11.02,1.47,10.05,8.23,1.87,9.87,29.29,4,Moderate,0.010370370370297212,0.7468239563750614,0.07089947089897074
Coleslaw,76.71,5.59,1.24,5.32,3.62,2.34,6.42,37.0,-1,Healthy,0.01616477643050235,0.6475849730505215,0.06935210533086493
Fruit salad (Phalon ka salaad),78.14,15.96,0.91,1.22,9.78,1.58,2.71,25.93,1,Healthy,0.011645764013160408,0.6127819548488231,0.015613002303357907
Tomato onion raita (Tamatar aur pyaaz ka raita),59.0,7.08,3.74,1.84,5.98,0.97,6.19,120.62,-2,Healthy,0.06338983050740019,0.8446327682422835,0.031186440677437522
Peanut raita (Mungfali ka raita),150.39,9.3,8.59,8.98,7.11,1.89,8.97,174.6,-2,Healthy,0.05711815945171144,0.7645161289500519,0.0597114169821151
Sprouted moong raita ,60.89,6.13,4.62,2.19,5.59,0.16,7.21,139.44,-1,Healthy,0.07587452783583717,0.911908645854501,0.035966496961143596
Bottle gourd raita (Ghiya/Lauki ka raita),56.31,5.76,3.98,2.07,5.25,0.85,7.21,138.26,-1,Healthy,0.07068016338002699,0.9114583331750941,0.03676078849162208
Cucumber raita (Kheere ka raita),59.13,6.35,4.04,2.08,5.22,0.86,7.21,138.58,-1,Healthy,0.06832403179319595,0.8220472439650319,0.03517672924006128
Carrot and spinach raita (Gajar aur palak ka raita),56.83,5.83,4.0,1.99,4.93,1.39,6.19,142.57,-2,Healthy,0.07038535984391368,0.8456260718961189,0.03501671652234706
Mint raita (Pudinay ka raita),77.59,7.65,5.64,2.96,7.48,0.34,10.51,198.22,-2,Healthy,0.07268977960983773,0.9777777776499637,0.03814924603636874
Potato raita (Aloo ka raita),75.38,10.24,4.22,2.04,5.08,0.75,6.98,132.31,-1,Healthy,0.055983019367790085,0.49609374995155336,0.02706288140054308
Boondi raita,687.72,3.96,2.19,73.83,1.88,0.46,2.51,49.0,18,Unhealthy,0.0031844355260815674,0.474747474627589,0.107354737392969
Sweet raita (Meetha raita),99.24,17.93,3.24,1.78,15.36,1.02,5.73,108.91,1,Healthy,0.032648125755414675,0.8566648075372747,0.017936316001431515
Dahi vadas/Dahi bhalla,667.73,5.49,2.96,70.4,1.78,0.97,2.39,49.03,17,Unhealthy,0.004432929477476775,0.32422586515041424,0.10543183622106925
Gunjia,667.34,5.68,2.98,70.28,2.05,1.13,2.36,48.16,17,Unhealthy,0.00446548985523951,0.360915492894205,0.10531363323027945
Saunth/Sonth chutney with tamarind/imli,141.53,33.55,1.01,0.15,31.31,0.93,0.0,54.74,6,Moderate,0.007136296191569729,0.9332339791078024,0.0010598459690450092
Rice kheer (Chawal ki kheer),75.03,10.05,2.3,2.97,8.02,0.17,0.0,75.57,0,Healthy,0.030654404904296217,0.7980099501693522,0.039584166332939034
Makhana kheer,107.85,12.88,3.31,5.0,11.54,0.11,1.77,111.64,2,Healthy,0.030690774223173938,0.8959627328496922,0.04636068613772498
Vermicelli kheer (Semiya/Seviyan ki kheer),120.07,15.87,3.35,5.0,12.79,0.5,2.12,104.8,2,Healthy,0.027900391438095275,0.805923125343042,0.04164237528073922
Semolina kheer (Suji/Rava kheer),113.21,15.88,3.43,4.2,12.88,0.51,0.0,105.99,2,Healthy,0.030297676883399897,0.811083123374617,0.03709919618375498
Paneer kheer,105.31,10.03,4.53,5.37,9.87,0.07,0.0,144.66,2,Healthy,0.0430158579428068,0.9840478563325974,0.050992308422267665
Cabbage kheer (Pattagobhi ki kheer),83.51,9.73,2.87,3.8,9.28,0.51,0.0,102.74,3,Moderate,0.03436714165926994,0.9537512845885147,0.04550353251053162
Carrot kheer (Gajar ki kheer),85.35,10.09,2.81,3.85,9.63,0.73,0.0,100.12,3,Moderate,0.032923257175947004,0.9544103071402964,0.04510837726953593
Cauliflower kheer (Phoolgobhi ki kheer),81.95,8.78,3.04,3.95,8.49,0.55,0.0,101.75,2,Healthy,0.03709579011547168,0.9669703871336025,0.04820012202503721
Moong dal kheer,77.16,9.89,2.95,2.97,7.92,0.4,0.0,75.66,0,Healthy,0.038232244685870505,0.8008088977956714,0.03849144634475776
Phirni,116.12,16.11,3.49,4.34,10.79,0.36,0.0,104.57,2,Healthy,0.03005511539760545,0.6697703289466312,0.03737512917639187
Semolina halwa (Suji ka halwa),225.65,24.67,2.16,13.38,13.98,1.86,30.82,11.77,7,Moderate,0.009572346554355984,0.566680178331306,0.059295368933927346
Shahi suji halwa,382.34,44.44,3.48,21.73,27.21,2.96,50.05,18.64,14,Unhealthy,0.009101846524012393,0.6122862286090845,0.05683423131229578
Carrot halwa (Gajar ka halwa),172.64,18.53,3.11,9.73,16.85,2.65,14.66,106.94,5,Moderate,0.018014365152815025,0.909336211499766,0.056360055606717106
Egg halwa (Ande ka halwa),299.74,39.59,7.85,13.41,37.85,0.49,204.93,35.77,15,Unhealthy,0.02618936411547945,0.9560495074272279,0.044738773603640695
Potato halwa (Aloo ka halwa),151.66,29.18,1.53,3.48,17.42,1.64,6.23,14.15,4,Moderate,0.010088355532044783,0.5969842357574715,0.02294606356308225
Pumpkin halwa (Kaddu ka halwa),190.27,27.6,1.33,8.81,26.64,2.97,9.52,24.34,6,Moderate,0.006990066747217165,0.9652173912693761,0.046302622588709194
Moong dal halwa,349.8,40.23,8.35,17.68,25.59,2.65,34.81,110.4,12,Unhealthy,0.023870783304677328,0.6360924682914221,0.05054316752415511
Caramel custard (steamed),121.58,15.02,4.97,4.87,14.98,0.0,78.88,88.12,2,Healthy,0.04087843395261656,0.9973368840880602,0.04005593025135667
Baked custard,106.53,9.45,5.41,5.3,9.42,0.0,85.92,95.32,1,Healthy,0.05078381676475374,0.9968253967199127,0.04975124378062751
Soft Custard (stirred),109.18,11.19,5.01,5.07,11.15,0.0,73.35,95.82,1,Healthy,0.04588752518734303,0.9964253797143499,0.04643707638719145
Chocolate ice cream,177.7,15.41,4.47,11.25,15.33,0.0,68.26,84.24,6,Moderate,0.02515475520526081,0.9948085658017646,0.06330894766424701
Mango ice cream,125.69,11.14,3.4,7.62,11.01,0.52,55.21,67.17,3,Moderate,0.02705068024483212,0.9883303410243868,0.06062534807812375
Fruit Ice cream (Phalon ka Ice cream),171.46,16.05,4.37,10.38,14.03,0.33,17.12,93.35,6,Moderate,0.02548699405094199,0.8741433021262215,0.06053890120109333
Caramel ice cream,173.52,14.81,4.31,11.15,14.52,0.08,54.79,87.32,6,Moderate,0.02483863531567059,0.9804186359905186,0.06425772245237288
Lemon souffle,168.51,13.43,6.95,10.02,11.67,0.0,100.42,59.81,3,Moderate,0.04124384309512051,0.8689501116255436,0.05946234644792914
Orange souffle,168.28,14.2,6.8,9.73,12.31,0.22,97.54,59.04,3,Moderate,0.04040884240527449,0.8669014083896549,0.05782029950048836
Vanilla souffle,187.85,14.78,7.71,11.19,12.86,0.0,109.43,70.6,3,Moderate,0.0410433856798454,0.8700947225392358,0.05956880489720751
Chocolate souffle,189.32,14.74,7.88,11.36,12.69,0.0,108.18,71.55,3,Moderate,0.04162264948213806,0.8609226593717149,0.0600042256493767
Pineapple souffle ,196.14,15.52,8.06,11.72,13.45,0.0,117.82,67.23,2,Healthy,0.04109309676740547,0.866623711284367,0.05975323748312557
Apple mousse,106.92,12.77,4.21,4.27,10.56,1.6,57.67,33.76,1,Healthy,0.03937523381930999,0.8269381361920958,0.03993640104713864
Rich chocolate mousse,188.26,10.84,7.96,12.19,10.3,0.0,111.71,54.59,4,Moderate,0.04228195049377308,0.9501845017573631,0.06475087644712232
Mango mousse,124.98,9.14,3.21,8.47,8.89,0.88,23.66,51.38,2,Healthy,0.025684109457307695,0.9726477023005856,0.06777084333439133
Orange and pineapple cream,101.18,11.96,1.44,5.43,11.37,1.03,15.43,35.0,3,Moderate,0.014232061672126584,0.9506688962415827,0.05366673255531066
Charlotte rousse,188.29,34.08,3.95,4.78,20.48,1.01,47.04,34.95,4,Moderate,0.02097827818779023,0.6009389671185171,0.025386372085477796
Triffle pudding,116.97,18.24,2.93,3.93,13.89,0.12,36.95,48.72,4,Moderate,0.02504915790352185,0.7615131578529873,0.03359835855318801
Snow flakes pudding,95.21,8.07,4.67,4.97,8.01,0.03,57.55,101.33,1,Healthy,0.04904946959301492,0.9925650556390873,0.052200399117191466
Kulfi,98.43,11.3,3.21,4.7,10.39,0.12,0.0,111.86,2,Healthy,0.03261200853365222,0.9194690264673037,0.04774966981562786
Steamed orange pudding,278.03,41.53,2.34,12.04,26.53,0.58,31.86,21.15,12,Unhealthy,0.008416357946953867,0.6388153142152947,0.04330467935099341
Meringue and rice pudding,112.93,14.6,4.84,4.05,10.87,0.17,40.85,85.43,1,Healthy,0.04285840786289862,0.7445205478942108,0.03586292393486351
Cheese pudding,285.01,19.27,11.29,18.37,18.63,0.05,99.76,226.11,13,Unhealthy,0.039612645170205914,0.9667877529337422,0.06445387881104364
Chocolate pudding,211.96,29.59,3.55,9.48,20.68,0.53,46.25,64.56,7,Moderate,0.016748443102393148,0.6988847583406933,0.04472541989033438
Bread and butter pudding ,167.94,19.63,5.59,7.88,11.84,0.98,55.29,105.54,2,Healthy,0.03328569727263734,0.6031584309422742,0.04692151959005049
Queen of pudding,132.92,16.35,5.51,5.38,11.77,0.27,60.59,78.26,1,Healthy,0.041453505867879534,0.7198776757969493,0.04047547396900034
Pineapple upside down pudding,257.73,35.73,3.15,11.91,22.16,0.8,62.13,26.05,9,Moderate,0.012222092887858525,0.6202071088547383,0.04621115120456985
Date and nut pie,322.42,46.86,3.93,13.31,31.18,4.13,18.85,34.69,10,Moderate,0.01218907015690035,0.6653862569213533,0.04128155821586353
Stewed apple with custard,92.87,18.36,1.27,1.82,15.46,1.01,0.0,49.24,3,Moderate,0.01367502961113734,0.8420479302373612,0.019597286529346426
Apple snowballs,101.51,24.58,0.86,0.31,19.4,1.25,0.0,9.43,4,Moderate,0.008472071716988749,0.7892595605862791,0.0030538863165889673
Hot orange souffle,179.97,18.77,6.87,8.95,14.93,0.29,160.48,53.81,3,Moderate,0.038173028837927586,0.7954182205223539,0.04973051064038601
Hot chocolate souffle,226.09,26.21,6.7,11.1,22.88,0.12,138.51,60.19,6,Moderate,0.029634216462339626,0.8729492559758508,0.049095492945070124
Hot vanilla souffle,192.93,21.77,6.87,9.07,18.17,0.13,153.55,63.2,5,Moderate,0.03560877002003002,0.8346348185193094,0.04701186958976307
Plain burfi (Burfi),408.32,30.88,9.82,27.96,30.43,0.17,38.12,355.78,20,Unhealthy,0.024049764890223233,0.9854274611079848,0.0684757053289859
Coconut burfi (Nariyal ki burfi),467.64,32.15,8.81,34.63,31.5,3.5,29.26,272.81,18,Unhealthy,0.01883927807711308,0.9797822705760567,0.07405269010334008
Bottle gourd burfi (Ghiya/Lauki burfi),275.96,24.51,5.86,17.68,23.92,0.73,26.43,215.85,13,Unhealthy,0.021234961588559087,0.9759281925346418,0.0640672561238438
Chocolate burfi,339.33,33.15,13.0,17.86,32.38,0.0,3.78,466.48,16,Unhealthy,0.03831078890744022,0.9767722473310176,0.05263312999129864
Cashewnut burfi (Kaju burfi/Kaju katli),421.74,37.92,5.48,28.46,31.43,1.12,38.62,12.95,19,Unhealthy,0.012993787641644156,0.8288502109486063,0.06748233508780889
Gram flour burfi (Besan burfi),421.79,46.59,11.19,22.41,28.44,3.41,40.13,160.71,15,Unhealthy,0.026529789705714856,0.610431423039055,0.053130704853
Semolina ladoo with khoya (Suji/Rava aur khoye ke ladoo ),428.71,52.86,6.71,21.86,33.28,4.68,27.87,106.42,15,Unhealthy,0.015651605980696388,0.6295875898480972,0.0509901798417322
Semolina ladoo with coconut (Suji/Rava aur nariyal ke ladoo ),464.43,50.9,5.68,27.03,27.32,6.69,33.81,26.72,15,Unhealthy,0.012230045432008634,0.5367387033293373,0.05820037465267489
Gram flour ladoo (Besan ladoo),476.91,62.61,8.93,22.76,37.76,4.43,52.34,25.35,16,Unhealthy,0.018724706967732433,0.6030985465484252,0.04772388920331357
Sesame ladoo (Til ke ladoo),396.96,43.5,10.7,19.64,38.63,7.72,0.0,631.82,13,Unhealthy,0.026954856912467365,0.8880459769910796,0.049476017734659726
Chenna murki,252.69,36.01,10.46,8.2,35.55,0.0,0.0,266.85,12,Unhealthy,0.041394594166601795,0.9872257705918571,0.032450829078980364
Milk cake,127.41,9.13,3.01,8.93,8.9,0.06,11.56,104.94,3,Moderate,0.023624519268317833,0.9748083240991448,0.0700886900551755
Ghujia/Lavang latika,768.98,13.0,1.86,78.93,6.08,0.52,4.62,31.01,20,Unhealthy,0.002418788525056024,0.46769230765633135,0.10264246144229676
Gulab Jamun with khoya,586.06,26.09,2.03,53.23,24.12,0.07,0.0,67.32,22,Unhealthy,0.003463809166291056,0.9244921425479306,0.09082687779392755
Mal pua,566.68,17.56,1.71,54.64,11.77,0.62,0.0,30.05,19,Unhealthy,0.0030175760570286276,0.6702733484811917,0.09642126067604924
Shahi tukre,189.81,41.46,2.76,2.54,34.7,0.51,0.0,76.47,8,Moderate,0.014540856646043196,0.8369512783203824,0.013381802855416566
Potato pakora/pakoda (Aloo pakoda),677.19,6.04,1.9,71.84,0.22,1.03,0.0,6.59,17,Unhealthy,0.002805711838623125,0.036423841053572215,0.10608544130878175
Onion pakora/pakoda (Pyaaz ke pakode),674.61,5.41,1.9,71.84,0.88,1.11,0.0,7.95,17,Unhealthy,0.0028164420924640656,0.1626617374930385,0.10649115785400974
Cauliflower pakora/pakoda (Phoolgobhi ke pakode),671.63,4.52,1.98,71.86,0.23,1.26,0.0,8.44,17,Unhealthy,0.0029480517546819707,0.05088495574095466,0.10699343388456889
Mixed vegetable pakora/pakoda,673.81,5.12,1.94,71.86,0.38,1.13,0.0,9.55,17,Unhealthy,0.002879149908723707,0.07421874998550415,0.10664727445406473
Spinach pakora/pakoda (Palak pakoda),712.62,4.68,1.96,76.38,0.2,1.02,0.0,10.99,17,Unhealthy,0.0027504139653633766,0.04273504272591132,0.10718194830329322
Methi pakora/pakoda (Methi ke pakode),713.25,4.68,2.06,76.39,0.25,1.18,0.0,23.07,17,Unhealthy,0.0028881878724109525,0.053418803407389144,0.10710129688032653
Egg pakora/pakoda (Ande ke pakode),710.51,4.48,2.83,75.86,0.19,0.86,28.39,9.55,18,Unhealthy,0.003983054425688614,0.0424107142762476,0.10676837764407712
Bread pakora/pakoda,710.99,8.87,2.57,74.2,0.46,1.11,0.0,19.83,17,Unhealthy,0.0036146781248630575,0.05186020292538217,0.10436152407192174
Paneer pakora/pakoda,718.12,5.52,3.27,76.05,1.08,0.89,0.0,43.38,18,Unhealthy,0.004553556508655164,0.19565217387759926,0.10590152063707194
Potato bonda (Aloo bonda),632.84,4.53,1.09,67.8,0.27,0.83,0.0,6.79,17,Unhealthy,0.0017223942860727477,0.0596026489934652,0.1071360849502131
Potato samosa (Aloo ka samosa),577.39,9.21,1.71,59.19,0.29,1.19,2.33,7.63,16,Unhealthy,0.002961603075905434,0.03148751356878528,0.10251303278528809
Minced meat samosa (Keema ka samosa),620.99,6.14,4.43,64.26,0.5,0.39,16.71,6.7,17,Unhealthy,0.007133770270041169,0.08143322474243758,0.10347992721283197
Paneer and pea samosa (Paneer matar ka samosa),623.81,8.55,4.02,63.65,1.69,1.02,0.0,64.56,16,Unhealthy,0.0064442698898599824,0.19766081869033203,0.1020342732561164
Mathri,805.12,12.32,1.75,83.1,0.29,0.6,0.0,5.23,20,Unhealthy,0.0021735890302039774,0.023538961037050405,0.10321442766282887
Khasta kachori,712.73,12.81,2.51,72.27,0.34,0.97,0.0,7.84,17,Unhealthy,0.0035216701976856285,0.026541764244610324,0.10139884668794438
Vegetable cutlet,665.45,4.68,1.25,71.33,0.35,0.93,6.77,13.55,17,Unhealthy,0.001878428131336872,0.0747863247703448,0.10719062288660726
Flattened rice cutlet (Chirwa cutlet/Chivda cutlet/Poha cutlet),701.71,7.39,1.76,73.89,0.27,0.86,6.9,9.17,18,Unhealthy,0.002508158641030471,0.03653585926433886,0.1052999102191713
Peanut cutlet (Mungfali ke cutlet),698.77,5.68,2.63,74.0,0.51,1.21,6.75,14.38,17,Unhealthy,0.003763756314661815,0.08978873237855832,0.10590036778896361
Fish cutlet (Machli ka cutlet),654.64,3.13,2.77,70.11,0.29,0.54,11.02,10.44,18,Unhealthy,0.004231333251857156,0.0926517571588972,0.10709703042877444
Paneer potato cutlet (Paneer aloo cutlet),672.94,5.23,2.47,71.4,1.02,0.41,13.33,45.36,18,Unhealthy,0.0036704609623388856,0.19502868065104612,0.10610158409352081
Spinach chickpeas cutlet (Palak channa dal cutlet),688.03,4.93,1.44,73.6,0.16,0.93,6.98,11.3,17,Unhealthy,0.002092931994241395,0.0324543610481837,0.1069720797056713
Cheese toast,785.37,5.49,1.98,84.11,0.53,0.31,11.55,43.87,19,Unhealthy,0.0025211047022390453,0.09653916209534806,0.10709601843703338
Vegetable burger,519.93,13.69,3.26,50.63,1.88,1.7,7.4,26.08,15,Unhealthy,0.006270074817751871,0.13732651569486293,0.09737849325852063
Cheese pizza,249.5,30.62,5.79,12.43,3.42,1.95,10.64,96.51,2,Healthy,0.02320641282555829,0.11169170476447773,0.04981963927835744
Vegetable seekh kebab,690.73,5.32,1.57,73.72,0.74,0.59,0.0,32.66,18,Unhealthy,0.0022729575955839866,0.13909774433475605,0.10672766493404554
Masala vada,826.02,4.06,1.69,89.15,0.24,1.07,0.0,7.45,19,Unhealthy,0.002045955303743195,0.05911330047805091,0.10792716883355377
Peanut sago vada (Sabudana mungfali vada),749.89,7.14,1.01,79.82,0.19,0.62,0.0,5.03,19,Unhealthy,0.0013468642067485273,0.0266106442539761,0.10644227820066084
Vegeterian scotch egg,681.67,4.64,2.16,72.77,0.23,0.58,34.24,15.2,18,Unhealthy,0.003168688661664488,0.04956896550655842,0.10675253421727998
Paneer shaslik/tikka,93.85,7.98,5.11,4.49,4.61,1.23,0.0,123.86,-1,Healthy,0.05444858817203572,0.5776942355165797,0.04784230154450888
Peanut brittle (Moongfali ki chikki),320.46,47.46,6.94,11.13,43.92,2.63,2.5,68.03,14,Unhealthy,0.021656368969538615,0.9254108722940285,0.03473132372204104
Spring roll,623.87,8.56,1.81,64.63,0.6,0.67,12.15,9.51,17,Unhealthy,0.002901245451772162,0.07009345793573674,0.10359530030278168
Dry mango chutney (Sookhe aam ki chutney),298.13,69.17,2.43,0.7,61.86,3.74,0.0,72.05,9,Moderate,0.008150806695038572,0.8943183460908729,0.0023479690068012346
Peanut chutney (Mungfali ki chutney),258.37,9.87,11.8,19.06,2.76,5.73,0.0,34.79,-1,Healthy,0.045670937028116,0.27963525833033076,0.07377017455558396
Coconut chutney (Nariyal ki chutney),265.92,8.29,3.59,25.0,3.79,6.73,0.0,15.7,6,Moderate,0.013500300842307834,0.4571773220196409,0.09401323706342504
Mint and coriander chutney (Pudinay aur dhaniye ki chutney),102.6,21.18,2.81,0.51,15.88,4.33,0.0,107.45,-1,Healthy,0.027387914229752557,0.7497639281987836,0.004970760233869681
Custard tart,225.6,28.66,3.72,10.73,9.31,0.91,22.28,57.47,4,Moderate,0.01648936170205457,0.32484298672976825,0.04756205673737783
Lemon tart,303.35,30.68,6.12,17.45,10.68,0.81,123.17,24.03,7,Moderate,0.02017471567489641,0.34810951758969655,0.057524311850807565
Jam tart,360.72,46.18,4.42,17.35,14.74,1.14,44.15,12.23,11,Unhealthy,0.012253271235273193,0.31918579470941566,0.04809824794841401
Orange cream tart,197.16,27.43,2.58,8.72,10.08,0.64,22.13,13.84,5,Moderate,0.013085818624401068,0.3674808603584586,0.04422803814138655
Pineapple tart,195.4,28.62,2.29,8.21,11.09,0.87,20.7,12.02,5,Moderate,0.011719549641700515,0.3874912648362162,0.04201637666303984
Cheese and mushroom tart,246.1,21.43,5.51,15.28,3.16,1.18,37.99,100.97,4,Moderate,0.022389272653301952,0.14745683620403843,0.062088581877033366
Cottage cheese pie,238.98,20.66,7.45,13.83,3.62,2.21,20.86,108.05,0,Healthy,0.031174156833077355,0.17521781218900204,0.05787095154382011
Minced meat pie,221.55,18.11,7.38,13.04,1.42,2.33,34.57,18.14,0,Healthy,0.03331076506416921,0.0784097183833015,0.05885804558763774
Apple cinnamon pie,258.73,33.68,3.35,12.21,11.95,1.77,36.52,16.14,6,Moderate,0.012947860704158976,0.3548099762364962,0.04719205349187496
Lemon meringue pie,224.43,35.11,3.88,8.16,21.17,0.44,75.3,16.79,6,Moderate,0.017288241322384313,0.6029621190372271,0.03635877556460206
Chocolate meringue pie,214.76,28.8,4.98,9.17,15.03,0.37,64.11,55.98,5,Moderate,0.02318867573094064,0.5218749999818793,0.042698826596932866
Cream puffs,221.33,16.0,4.7,15.48,5.94,0.38,100.48,37.93,6,Moderate,0.021235259567066213,0.3712499999767969,0.06994081236131595
Chocolate eclairs,239.42,26.22,4.24,13.5,17.34,0.33,85.94,34.21,7,Moderate,0.01770946453922935,0.6613272310960593,0.05638626681122552
Cheese balls,681.28,4.81,2.21,72.57,0.63,0.18,37.78,30.01,18,Unhealthy,0.0032438938468717063,0.13097713094990082,0.10652007984953833
Minced meat patties,265.72,15.25,6.88,19.57,0.88,0.77,81.36,19.23,5,Moderate,0.025891916302777766,0.057704918029002954,0.07364895378566291
Cheese patties,324.01,22.23,7.38,22.67,3.93,1.24,0.0,126.41,10,Moderate,0.022777074781572246,0.17678812414859252,0.06996697632767518
Hot cheese souffle,177.1,5.41,9.18,13.23,2.91,0.12,149.14,169.17,1,Healthy,0.051835121400046105,0.5378927910281159,0.07470355731183116
Hot potato souffle,125.64,8.56,5.51,7.64,1.78,0.66,109.09,56.84,0,Healthy,0.043855460044222735,0.20794392520935234,0.06080865966204386
Hot fish souffle,142.92,3.69,11.23,9.24,1.68,0.1,122.69,58.18,-1,Healthy,0.07857542681165286,0.4552845527221451,0.06465155331608838
Hot spinach souffle,104.25,4.19,5.43,7.24,1.64,0.99,100.84,80.77,-1,Healthy,0.052086330934752165,0.3914081144650577,0.06944844124633623
Plain cream cake,353.94,47.18,6.18,16.17,27.74,0.71,120.92,41.95,15,Unhealthy,0.01746058654004221,0.5879610004114464,0.04568570944214928
Apple cake (Seb ka cake),290.08,39.48,4.94,12.87,23.52,1.22,94.69,38.99,11,Unhealthy,0.01702978488686904,0.5957446808359741,0.04436707115263249
Marble cake,354.11,46.88,6.3,16.27,27.56,0.71,120.14,39.6,15,Unhealthy,0.01779108186716616,0.5878839590318284,0.045946174917268795
Chocolate cake,335.61,45.14,6.01,15.18,27.58,0.64,109.36,41.13,15,Unhealthy,0.017907690474008794,0.61098803720401,0.04523107177960957
Orange cake,357.61,48.28,6.1,16.21,28.38,0.83,123.67,29.72,15,Unhealthy,0.017057688543337553,0.5878210438983467,0.04532871004713143
Fruit Loaf ,324.19,46.49,5.36,13.31,24.54,0.87,90.0,45.71,13,Unhealthy,0.016533514297120414,0.5278554527741911,0.04105617076393148
Banana cake (Kele ka cake),389.51,40.0,5.77,23.31,23.04,1.14,68.99,23.55,15,Unhealthy,0.01481348360757153,0.5759999999856,0.059844419912043735
Chocolate chiffon cake,311.71,37.87,5.76,15.8,24.25,0.7,93.35,42.15,13,Unhealthy,0.018478714189411702,0.6403485608492119,0.05068813961678905
Christmas cake,372.95,48.29,5.49,16.88,27.45,1.49,97.81,40.98,14,Unhealthy,0.014720471913085615,0.5684406709345944,0.04526075881473318
Strawberry and vanilla cake with butter icing,370.54,44.25,3.89,20.39,32.43,0.79,101.12,28.17,17,Unhealthy,0.010498191828114378,0.7328813559156412,0.05502779726870236
Eggless cake,318.08,46.14,8.12,11.75,27.7,0.68,27.68,212.97,12,Unhealthy,0.02552816901400425,0.6003467706848646,0.03694039235400862
Swiss roll,251.87,48.34,7.3,3.77,32.96,0.55,144.66,24.11,11,Unhealthy,0.028983205621832757,0.6818369879875499,0.01496803906771363
Pineapple pastry ,208.21,29.04,6.06,7.87,18.83,0.72,115.34,42.97,5,Moderate,0.02910523029619564,0.6484159779391041,0.03779837663878873
Black forest pastry,233.55,34.48,6.09,8.46,21.35,0.54,113.03,44.15,5,Moderate,0.02607578676931674,0.6191995359449189,0.036223506743582864
Coconut finger,274.86,42.56,7.09,8.86,28.55,1.87,127.97,24.04,10,Moderate,0.02579495015634943,0.6708176691571707,0.03223459215588942
Pineapple cake ,195.57,23.51,5.01,9.34,16.16,0.76,92.79,49.06,5,Moderate,0.025617425985449624,0.6873670778099801,0.04775783606868253
Chocolate walnut cookies (Chocolate aur akhrot ke cookies),424.8,47.1,6.56,23.62,22.58,1.54,69.03,36.1,16,Unhealthy,0.015442561205236717,0.4794055201596729,0.05560263653470904
Chocolate chip cookies,425.29,57.98,5.79,19.38,30.29,1.05,75.98,24.76,16,Unhealthy,0.013614239695234747,0.5224215246546668,0.04556890592291008
Sweet plain biscuit,380.76,50.29,5.86,17.67,21.77,1.07,76.89,42.88,12,Unhealthy,0.01539027208736372,0.4328892423855063,0.04640718562862064
Chocolate biscuit,379.76,51.56,5.88,17.09,24.16,1.01,72.66,41.51,13,Unhealthy,0.015483463239900245,0.46858029479308416,0.04500210659351959
Coconut biscuit (Nariyal ke biscuit),434.98,42.9,5.78,27.16,20.76,3.64,64.98,37.81,15,Unhealthy,0.013287967262832111,0.4839160839048039,0.06243965239766785
Sweet and salty biscuit (Meethay aur namkeen biscuit),407.96,45.09,6.15,22.39,7.22,1.68,55.18,37.24,12,Unhealthy,0.015075007353625174,0.16012419604878855,0.054882831650027254
Peanut biscuit,401.05,46.72,8.45,20.41,21.26,2.48,61.88,50.58,13,Unhealthy,0.0210696920582943,0.4550513698532738,0.05089141004849547
Pin wheel biscuit,404.6,54.56,5.4,18.66,23.25,1.16,44.65,42.7,15,Unhealthy,0.013346515076585897,0.4261363636285532,0.04611962432020237
Saffron biscuit (Kesar biscuit),458.61,59.7,6.05,22.01,22.42,1.9,49.64,25.71,15,Unhealthy,0.013192036806844177,0.37554438860342476,0.047992847953494275
Masala biscuit,393.64,45.18,6.06,20.75,6.82,2.14,51.29,53.73,9,Moderate,0.01539477695352252,0.15095174855796922,0.05271313890851358
Ice box cookies,374.24,56.09,5.7,14.44,26.69,1.28,70.82,18.5,12,Unhealthy,0.015230867892220952,0.4758423961405627,0.03858486532695975
Ginger bread man,365.0,60.26,6.61,11.01,29.12,1.6,75.31,37.92,12,Unhealthy,0.018109589041046276,0.483239296374324,0.030164383561561193
Danish cookies,475.33,58.0,5.33,24.92,21.73,1.37,63.58,15.97,16,Unhealthy,0.011213262365070135,0.37465517240733354,0.0524267351102341
Short bread cookies,443.09,64.82,6.03,17.98,23.31,1.57,45.48,15.92,14,Unhealthy,0.013608973346242054,0.35961123109596405,0.04057866347685442
Coffee biscuit,416.57,46.55,6.9,23.0,21.69,1.59,63.97,48.92,15,Unhealthy,0.016563842811492514,0.46595059075261125,0.05521280937164171
Melting moments,437.91,55.84,5.71,21.78,25.0,1.88,80.33,30.39,16,Unhealthy,0.01303920896984988,0.4477077363816671,0.04973624717396329
Ginger biscuit (Adarak ke biscuit),417.91,58.44,5.98,18.31,27.06,1.49,81.73,25.97,16,Unhealthy,0.014309301045645453,0.4630390143657933,0.04381326122838933
Soyabean muthias,839.33,3.7,2.46,90.45,0.17,1.47,0.0,12.16,19,Unhealthy,0.0029309091775547983,0.045945945933528125,0.10776452646741119
Soyabean tikki,698.17,4.39,3.53,74.02,0.35,2.2,0.0,29.23,16,Unhealthy,0.005056075167931799,0.07972665146247684,0.10602002377629229
Soyabean namak paras,838.46,4.65,2.65,89.83,0.22,1.41,0.0,12.13,19,Unhealthy,0.003160556257897621,0.047311827946814655,0.10713689382903521
Peanut burfi (Moongfali ki burfi),550.99,48.14,9.31,36.84,43.08,4.09,0.0,25.2,21,Unhealthy,0.01689685838215413,0.8948899044267784,0.0668614675401244
Spinach peanut namak paras (Palak moongfali namak paras),740.16,6.62,1.65,78.51,0.28,0.81,0.0,13.35,19,Unhealthy,0.002229247730217481,0.04229607250116374,0.10607166018143907
Gram flour and semolina chilla/cheela/savory pancake (Besan suji chilla/cheela),758.89,7.63,2.08,80.04,0.25,1.39,0.0,12.13,18,Unhealthy,0.002740845181775039,0.032765399733582515,0.10546983093715102
Rice moong dal cheela (Chawal aur moong dal ka cheela),798.26,11.13,2.74,82.44,0.15,1.18,0.0,4.99,18,Unhealthy,0.0034324656127033394,0.01347708894757618,0.10327462230338076
Split bengal gram sweet rice (Channa dal sweet rice),190.21,41.07,4.15,0.64,19.41,2.23,0.0,30.37,2,Healthy,0.021817990641807384,0.4726077428665058,0.0033647021712666808
Sweet poori (Meethi poori),782.75,14.26,2.12,79.63,7.15,1.54,0.0,34.24,19,Unhealthy,0.002708399872241829,0.5014025245090181,0.10173107633330983
Wheat flour and moong dal burfi (Atta aur moong dal ki burfi),441.08,60.0,9.84,18.41,31.12,6.02,35.14,25.2,12,Unhealthy,0.022308878207984245,0.5186666666580223,0.04173846014319004
Spinach burfi (Palak burfi),121.17,12.76,2.71,6.81,12.12,1.17,5.65,93.68,3,Moderate,0.02236527193181179,0.9498432601136486,0.056202030205032574
Sweet split chickpea roti (Sweet channa dal roti/Puranpoli),366.59,62.66,9.51,7.93,24.73,8.16,15.56,53.3,6,Moderate,0.025941787828293348,0.3946696457006916,0.02163179573905008
Sprouted moong daliya ,111.56,14.77,2.81,4.71,1.67,3.12,0.0,22.62,-2,Healthy,0.02518823951214424,0.1130670277513157,0.04221943348832718
Sprouted moong poha ,192.6,26.6,5.59,6.89,1.93,3.13,0.0,28.39,-2,Healthy,0.0290238836966302,0.07255639097471592,0.03577362409119536
Pearl millet ladoo (Bajra ladoo),319.66,50.98,9.61,8.06,27.44,6.0,0.0,118.74,6,Moderate,0.030063192141556453,0.5382502942224746,0.0252142901832409
Paushtik ladoo,485.87,60.34,7.65,24.98,38.12,4.57,52.71,20.67,18,Unhealthy,0.01574495235347779,0.6317533974041804,0.05141292938429742
Paushtik roti,149.26,26.59,7.17,1.51,2.03,5.74,0.0,52.74,-8,Healthy,0.04803698244641541,0.07634449040705736,0.010116575103777862
Semolina carrot vada (Suji gajar vada),699.53,6.52,1.56,74.07,1.21,1.07,1.18,26.47,17,Unhealthy,0.0022300687604502596,0.18558282205742596,0.10588538018368635
Dhokla,216.49,30.68,13.45,5.28,4.78,4.95,5.16,123.21,-6,Healthy,0.0621275809503343,0.15580182528827244,0.024389117280131236
Kashmiri tea (Kehwa),24.9,5.23,0.17,0.51,5.14,0.16,0.0,3.19,1,Healthy,0.006827309236673603,0.9827915868101735,0.020481927710020807
Steeped hot coffee,15.91,3.01,0.39,0.33,2.96,0.0,0.0,10.4,0,Healthy,0.024512884976460536,0.9833887039922297,0.020741671903158915
Hot chocolate,90.01,9.02,3.43,4.61,8.86,0.0,0.02,113.63,1,Healthy,0.03810687701324179,0.982261640689328,0.051216531495931375
Cold coffee (with cream),82.76,11.98,1.93,3.29,11.91,0.0,3.29,64.43,3,Moderate,0.023320444658973892,0.9941569281307048,0.03975350410778451
Banana milkshake with ice cream (Kele ka milkshake ice cream ke saath),76.45,11.15,2.01,2.77,9.94,0.27,1.3,68.3,1,Healthy,0.026291693917249285,0.8914798205478492,0.03623283191581121
Flavoured milkshake,66.78,8.65,2.06,2.83,8.61,0.0,0.0,75.05,0,Healthy,0.030847559148984013,0.9953757224282801,0.0423779574716625
Jal jeera,30.24,6.7,0.44,0.26,5.71,0.95,0.0,24.72,0,Healthy,0.014550264549783391,0.8522388058429494,0.008597883597599276
Gingo,48.02,12.42,0.14,0.06,12.08,0.17,0.0,6.33,2,Healthy,0.0029154518949830186,0.9726247986334441,0.0012494793835641507
Mintade,40.32,10.59,0.03,0.02,10.47,0.03,0.0,2.1,2,Healthy,0.0007440476190291656,0.9886685551474346,0.0004960317460194437
Canjee,6.61,0.44,0.24,0.42,0.21,0.36,0.0,5.82,0,Healthy,0.036308623292540296,0.47727272618801647,0.06354009076194551
Cauliflower canjee (Phoolgobhi ki canjee),6.9,0.35,0.39,0.42,0.09,0.49,0.0,6.26,0,Healthy,0.056521739122243224,0.25714285640816326,0.06086956520856962
Potato canjee (Aloo canjee),16.26,2.69,0.44,0.39,0.1,0.43,0.0,5.21,0,Healthy,0.0270602706010418,0.03717472117577148,0.023985239850923417
Vermicelli porridge (Semiya/Seviyan porridge),78.4,10.56,2.5,2.98,7.04,0.48,0.62,72.96,0,Healthy,0.03188775510163408,0.6666666666035354,0.03801020408114782
Semolina upma (Suji/Rava upma),147.89,16.31,3.3,7.49,1.31,3.24,0.0,21.57,-2,Healthy,0.022313881939128314,0.0803188228031687,0.05064575021941548
Vermicelli upma (Semiya/Seviyan upma),149.11,16.88,3.11,7.45,1.4,3.21,0.0,20.3,-1,Healthy,0.020857085373074527,0.08293838862067901,0.04996311447890844
Rice upma,151.27,17.96,2.63,7.46,1.13,2.12,0.0,17.57,0,Healthy,0.017386130759454048,0.0629175946512852,0.04931579295267194
Bread upma,129.51,12.6,2.8,7.75,1.56,1.96,0.0,45.22,0,Healthy,0.021619952127081926,0.12380952379969766,0.059840938923173194
Vegetable upma,146.47,16.46,4.73,6.63,1.39,4.19,0.0,26.68,-3,Healthy,0.03229330238252002,0.08444714458782215,0.04526524202877542
Poha,294.53,35.05,6.09,14.14,0.87,3.72,0.0,37.67,0,Healthy,0.020677010830744996,0.0248216833088496,0.04800869181391367
Vegetable poha,180.52,21.52,4.89,8.07,1.4,3.76,0.0,28.01,-3,Healthy,0.027088411256220427,0.06505576207876135,0.04470418790136991
Moong dal stuffed cheela/chilla (Moong dal ka cheela/chilla),154.89,19.42,6.97,5.11,1.11,4.25,0.0,39.34,-6,Healthy,0.04499967718997354,0.057157569513019695,0.03299115501302221
Paneer stuffed cheela/chilla,205.19,19.16,11.44,8.89,3.81,4.03,0.0,151.3,-5,Healthy,0.055753204346918696,0.19885177451989292,0.043325698133226155
Indian style egg bhujia (Anda bhujia (Indian style)),102.83,3.76,6.1,7.02,1.95,1.53,145.28,31.9,-1,Healthy,0.05932120976311075,0.5186170211386657,0.06826801517000614
French omelette/omlet,211.04,0.41,10.03,18.86,0.1,0.38,300.44,46.35,3,Moderate,0.04752653525375509,0.24390243842950626,0.08936694465461824
Puffy omelette/omlet,188.15,0.08,8.82,16.84,0.08,0.0,268.82,34.96,2,Healthy,0.04687749136302484,0.9999999875000002,0.08950305607180706
Orange omelette/omlet,194.66,1.68,8.93,16.84,1.68,0.0,268.82,37.33,2,Healthy,0.04587485872780297,0.9999999994047618,0.08650981197941791
Cheese and mushroom omelette/omlet,205.63,1.68,9.69,17.82,1.07,0.93,184.53,148.77,1,Healthy,0.047123474201006064,0.636904761525652,0.0866605067349771
Spanish omelette/omlet,157.45,5.1,8.25,11.44,1.03,2.54,145.23,31.72,-3,Healthy,0.052397586535075286,0.20196078427412537,0.07265798666197106
Mixed stock,25.19,0.33,2.06,1.71,0.2,0.15,10.55,2.06,-1,Healthy,0.08177848352196194,0.6060606042240587,0.06788408098182278
Meat stock,24.48,0.0,2.1,1.78,0.0,0.0,11.03,0.86,-1,Healthy,0.08578431372198593,0.0,0.07271241829768331
White stock,6.99,0.4,0.07,0.56,0.24,0.17,1.39,1.58,0,Healthy,0.010014306150212546,0.5999999984999999,0.08011444920170037
Meat consomme (with mutton),29.76,0.51,14.86,13.68,0.24,0.71,0.0,115.88,-1,Healthy,0.4993279569724688,0.47058823437139563,0.45967741933939255
Consomme au julienne,27.76,1.49,12.49,10.66,0.83,1.38,6.4,85.89,-3,Healthy,0.44992795387428214,0.5570469794919147,0.3840057636749277
Consomme au vermicelli,29.94,1.3,15.23,12.98,0.27,0.81,7.85,97.34,-1,Healthy,0.5086840347191488,0.20769230753254436,0.4335337341204564
Green pea soup (Matar ka soup),39.81,3.63,11.06,12.9,0.87,2.49,4.16,46.63,-3,Healthy,0.27781964329872344,0.23966942142157868,0.3240391861259975
Spinach soup (Palak ka soup),32.59,3.03,10.54,14.26,0.29,1.98,4.24,56.23,-3,Healthy,0.3234120895881125,0.09570957092550839,0.4375575329721523
Mixed vegetable soup,35.71,2.95,8.22,11.66,1.64,1.64,3.87,50.69,-3,Healthy,0.23018762250825578,0.5559322032013788,0.32651918229273263
Cheese soup,41.13,1.87,12.39,17.07,0.84,1.8,9.56,83.65,-1,Healthy,0.3012399708168918,0.449197860722354,0.41502552880099625
Mulligatawny soup,54.42,8.24,11.26,13.28,1.26,2.6,3.05,43.89,-3,Healthy,0.20690922454599578,0.15291262134066594,0.24402793090327035
Cream of carrot soup,59.77,5.69,8.27,12.35,1.77,1.98,6.67,57.24,-3,Healthy,0.13836372762023819,0.31107205618434586,0.20662539735307636
Cream of broccoli soup,56.14,3.72,8.97,12.75,1.59,1.89,7.67,66.55,-2,Healthy,0.15977912361667657,0.427419354723812,0.22711079443841983
Cream of potato soup,60.2,6.14,8.1,12.05,1.24,1.51,6.53,51.97,-2,Healthy,0.13455149501437622,0.2019543973612452,0.20016611295348563
Almond soup (Badam ka soup),78.65,3.68,10.13,13.8,1.94,0.91,28.18,114.95,-2,Healthy,0.12879847425138208,0.5271739129002244,0.17546090273139908
Cold cucumber cream soup ,11.88,1.76,0.34,0.34,0.51,0.73,0.72,8.02,0,Healthy,0.02861952861711957,0.28977272710808366,0.02861952861711957
Cold tomato soup,16.9,0.59,0.11,1.56,0.22,0.16,3.88,4.2,0,Healthy,0.00650887573925983,0.3728813553002011,0.09230769230223032
Chicken stew,127.55,4.44,7.19,8.91,1.43,1.82,32.34,31.53,-2,Healthy,0.056370050959965744,0.32207207199953325,0.06985495883912306
Veg paneer stew,145.55,10.22,6.98,8.41,4.85,3.08,0.0,160.51,-3,Healthy,0.04795602885573373,0.47455968684201955,0.057780831329043075
Onion-green chilli parantha/paratha (Pyaaz aur hari mirch ka parantha/paratha),191.27,26.37,4.37,7.27,2.71,5.16,0.0,24.91,-3,Healthy,0.022847283944043253,0.10276829730364928,0.038009097087687516
Methi parantha/paratha,148.36,22.19,4.27,4.34,2.44,5.09,0.0,65.85,-5,Healthy,0.028781342679773645,0.10995944118476973,0.029253167969606003
Bathua poori,598.79,13.85,2.35,59.14,0.41,1.87,0.6,30.83,16,Unhealthy,0.00392458123882509,0.029602888084505206,0.09876584445281525
Gram flour poori (Besan poori),697.66,10.93,2.59,71.51,0.35,1.94,0.73,7.09,16,Unhealthy,0.0037124100564691793,0.03202195791106844,0.10249978499540967
Beetroot poori (Chukandar ki poori),527.66,12.29,1.91,52.18,0.54,1.4,0.53,5.38,15,Unhealthy,0.003619755145351894,0.04393816110301561,0.09888943637929938
Peas poori (Matar ki poori),592.83,14.92,3.04,57.69,0.48,2.25,0.59,8.96,15,Unhealthy,0.005127945616778625,0.03217158176728072,0.09731288902367066
Peas kachori (Matar kachori),584.68,13.25,3.21,57.51,0.5,2.03,0.0,14.25,15,Unhealthy,0.005490182664011955,0.037735849053755786,0.09836149688701792
Pizza,146.77,9.94,6.85,8.72,1.38,1.71,18.65,77.23,-2,Healthy,0.04667166314610157,0.13883299797396045,0.05941268651591325
Bacon and mushroom pancake,157.67,8.47,6.82,10.6,1.23,1.59,39.23,44.74,-1,Healthy,0.04325489947330974,0.14521841792854562,0.06722902264180106
Cheese and tomato pancake,147.39,10.66,5.15,9.28,3.48,1.06,38.27,127.51,0,Healthy,0.03494131216476735,0.3264540337404827,0.06296220910466815
Minced meat pancake (with chicken),116.04,8.18,12.01,10.48,1.29,0.7,33.26,64.72,-1,Healthy,0.10349879351858411,0.1577017114721636,0.09031368493545058
Eggplant/Brinjal rice (Vangi bhat),184.8,31.74,5.28,3.67,4.36,4.44,0.0,36.02,-4,Healthy,0.028571428571273965,0.13736609955458837,0.019859307359199895
Kashmiri 'tahar',98.21,19.11,1.95,1.37,0.17,0.98,3.02,3.93,-1,Healthy,0.0198554118723159,0.008895866038257674,0.013949699623114249
Cumin pulao (Jeera/Zeera pulao),135.24,23.61,2.47,3.2,0.64,1.4,0.0,7.25,0,Healthy,0.018263827269903405,0.027107157982757004,0.02366163856829591
Peas pulao (Matar pulao),108.87,18.42,3.89,1.9,1.3,3.21,0.0,18.18,-4,Healthy,0.03573068797615752,0.07057546145110882,0.01745200698064249
Split bengal gram dal and vegetable pulao (Channa dal and vegetable pulao),116.53,19.72,3.6,2.3,1.59,3.16,0.0,19.09,-4,Healthy,0.030893332188870734,0.08062880324134743,0.019737406676222966
Black channa pulao/ Bengal gram pulao (Kale chane ka pulao),125.51,21.55,3.44,2.58,1.99,2.69,0.0,16.51,-3,Healthy,0.027408174647220073,0.0923433874667126,0.020556130985415057
Mutton pulao,130.77,11.26,6.52,10.78,1.0,1.65,2.35,49.87,-1,Healthy,0.04985853024355847,0.08880994670614477,0.08243480920637428
Chicken pulao,108.24,11.17,6.07,8.48,0.99,1.64,11.55,32.25,-1,Healthy,0.05607908351758981,0.08863025961605817,0.07834441980711064
Mexican rice,120.57,14.21,4.62,4.88,1.44,1.64,11.9,14.51,-1,Healthy,0.03831798954932141,0.10133708655163003,0.040474413203612225
Plain khitchdi (Plain khichri/khichdi),57.03,10.04,1.72,1.01,0.12,0.85,2.14,5.05,-1,Healthy,0.03015956514062494,0.011952191233869303,0.017709977204669297
Instant idli (with semolina),247.29,43.4,9.16,3.61,3.35,7.13,3.12,93.2,-6,Healthy,0.037041530187079785,0.07718894009038736,0.014598244975475764
Plain dosa,380.91,64.08,10.34,8.43,0.7,5.23,19.9,19.35,-4,Healthy,0.027145519939021957,0.010923845193337643,0.022131212097287727
Masala dosa mixed vegetable fillings,144.53,23.02,4.84,3.26,1.53,4.31,5.18,31.79,-5,Healthy,0.03348785719204672,0.06646394439329001,0.022555870753320724
Masala dosa paneer fillings,243.12,29.76,10.31,8.84,4.81,3.11,7.29,171.23,-2,Healthy,0.04240704178988809,0.16162634408059048,0.036360644948846825
Uttapam,255.95,36.28,6.18,9.03,1.5,4.4,10.57,40.86,-1,Healthy,0.024145340886797637,0.041345093714406145,0.035280328188961596
Appam,267.7,13.28,3.12,22.63,4.16,6.19,0.0,6.36,4,Moderate,0.01165483750462587,0.3132530120246045,0.08453492715694981
Beans and macaroni,136.08,14.24,4.58,7.01,1.68,2.05,19.67,86.86,-1,Healthy,0.033656672545314105,0.1179775280816027,0.05151381540232573
Spaghetti bolognese,97.43,10.04,9.35,9.51,1.41,1.08,13.91,73.66,-2,Healthy,0.09596633480349001,0.1404382469979643,0.09760853946322888
Meat and macaroni casserole,161.55,16.12,9.15,10.17,1.0,1.19,2.13,68.28,-1,Healthy,0.05663881151311273,0.06203473945024598,0.06295264623916463
Spaghetti with meat balls and tomato sauce,158.13,10.46,5.61,10.64,1.87,1.11,16.15,40.82,0,Healthy,0.035477139062572084,0.17877629061388373,0.06728640991546649
Spaghetti with paneer balls and tomato sauce,158.54,12.72,3.95,10.44,3.03,1.25,2.57,80.73,1,Healthy,0.024914847987732344,0.23820754715108428,0.06585088936504446
Lasagne with meat sauce,63.38,5.38,2.9,3.43,1.04,0.47,8.8,24.61,0,Healthy,0.045755758913762136,0.19330855014994267,0.0541180183014497
Lasagne with vegetables,49.23,5.9,1.71,2.16,1.37,0.66,2.81,32.89,-1,Healthy,0.03473491773238402,0.23220338979115196,0.043875685556695604
Home made egg noodles,240.84,42.92,6.55,4.37,1.03,1.6,38.27,15.96,-1,Healthy,0.02719647899008804,0.02399813606654245,0.018144826440715228
Sour lentils (Khatti dal),34.79,6.04,2.22,0.12,1.25,1.22,0.0,8.29,-2,Healthy,0.06381144006715117,0.20695364234984212,0.0034492670306568193
Urad special dehusked,69.43,8.86,3.14,2.17,1.32,2.5,4.62,16.4,-3,Healthy,0.045225406883980614,0.14898419862878284,0.03125450093574456
Arhar with spinach (Arhar dal aur palak),52.84,4.77,2.05,2.76,0.23,1.3,6.1,21.81,-2,Healthy,0.03879636638836494,0.04821802933999623,0.05223315669848158
Moong dal with vadi,24.08,1.0,0.4,2.05,0.45,0.39,4.75,2.99,0,Healthy,0.016611295680373287,0.44999999955,0.08513289036191309
Rasam with tamarind (Puli rasam/ Chintapandu rasam/ Charu/Saaru),26.74,3.37,1.13,0.88,0.83,1.6,0.0,16.56,-1,Healthy,0.0422587883305064,0.24629080111386026,0.03290949887685454
Rasam with lemon (Nimmakaya rasam/Nimmakaya charu/Elumichai rasam/Nimbe hannina saaru),24.41,2.85,1.11,0.87,0.44,1.54,0.0,15.56,-1,Healthy,0.045473166733081806,0.15438596485811018,0.035641130682685734
Green gram whole with baghar (Sabut moong dal with tadka),63.43,6.8,3.23,2.48,0.15,3.02,5.45,25.04,-5,Healthy,0.050922276524500674,0.02205882352616782,0.03909821850797575
Urad sabut special,79.39,5.03,2.33,5.46,0.86,2.15,13.38,21.45,-2,Healthy,0.029348784481303077,0.1709741550355916,0.06877440483601494
Kabuli channa curry,68.57,7.63,2.92,3.06,1.24,1.12,0.15,32.03,-1,Healthy,0.042584220503972814,0.16251638267856927,0.044625929706218086
Besan gatte curry,189.38,16.26,7.75,10.72,4.5,3.25,2.8,151.08,-2,Healthy,0.04092301193346223,0.2767527675106548,0.05660576618409228
Dry masala chops,135.07,3.3,9.08,9.54,2.27,0.86,2.24,112.25,-1,Healthy,0.06722440216134432,0.6878787876703398,0.07063004368053136
Mutton korma,115.64,2.53,7.09,8.54,1.64,0.78,3.9,79.07,-1,Healthy,0.06131096506346151,0.6482213436173038,0.07384987893398606
Shahi keema kofta curry,418.13,1.73,4.14,43.83,0.78,0.91,14.97,14.51,14,Unhealthy,0.009901226891134571,0.4508670517625046,0.10482385860831601
Minced meat ball curry,109.79,2.86,6.82,7.85,1.27,1.49,24.77,23.84,-2,Healthy,0.06211859003495657,0.44405594390067976,0.07150013662381363
Boti kebab,132.86,3.06,9.22,9.27,2.09,0.76,1.21,98.67,-1,Healthy,0.06939635706706762,0.6830065357245076,0.06977269305983913
Mutton seekh kebab,133.94,3.11,11.25,8.43,1.4,1.88,0.0,117.44,-3,Healthy,0.08399283261099005,0.4501607715594338,0.06293862923650188
Indian lamb and egg curry (Nargisi kofta),335.75,2.07,3.84,34.7,0.75,0.6,44.04,12.91,14,Unhealthy,0.011437081161544491,0.3623188404046769,0.10335070737124841
Soya chunks sweet and sour (Nutrinugget sweet and sour),500.94,3.27,2.85,55.99,1.1,0.86,23.51,13.89,16,Unhealthy,0.005689304108265084,0.3363914372059965,0.11176987263921474
Soya chunks korma (Nutrinugget korma),131.43,7.67,3.86,9.5,4.66,2.57,3.32,89.7,1,Healthy,0.02936924598623321,0.6075619295166151,0.07228182302311283
Mushroom matar,70.77,5.33,2.79,4.11,1.39,3.13,0.0,21.42,-3,Healthy,0.03942348452678503,0.26078799244638123,0.05807545570074785
Soya chunks and peas (Nutrinugget matar),82.62,5.82,3.03,5.11,1.64,2.86,0.0,20.32,-2,Healthy,0.03667392883034768,0.28178694153233896,0.06184943112972828
Vegetable yakhni,406.06,1.94,1.18,43.8,1.44,0.61,1.92,43.67,15,Unhealthy,0.0029059744865219278,0.7422680408545009,0.10786583263530546
Spinach mushroom (Palak mushroom),47.63,2.95,1.94,2.96,1.0,2.27,2.89,49.75,-3,Healthy,0.04073063195379528,0.3389830507325481,0.062145706486203114
Vegetarian nargisi kofta curry,332.15,6.58,2.29,32.94,1.65,0.86,1.03,47.09,14,Unhealthy,0.0068944753876053165,0.25075987838134345,0.09917206081559786
Roast chicken,199.9,0.1,20.49,13.06,0.05,0.03,69.66,13.61,1,Healthy,0.1025012506247999,0.49999999500000003,0.06533266633283977
Shahi chicken masala,163.7,4.07,9.82,12.02,2.86,0.96,24.78,82.68,0,Healthy,0.05998778252865005,0.7027027025300484,0.07342700061042501
Tomato chicken,111.68,2.13,10.57,6.71,0.93,1.42,27.94,21.24,-3,Healthy,0.09464541547193189,0.4366197181048734,0.06008237822295771
Creamy chicken,152.87,3.13,13.52,9.57,2.11,0.69,39.28,50.37,-1,Healthy,0.0884411591542589,0.6741214055354244,0.06260221102856936
Broccoli chicken ala king,119.56,5.34,7.97,7.57,2.49,1.92,27.85,73.36,-3,Healthy,0.06666109066521694,0.4662921347441401,0.06331549012994885
Ginger chicken,129.17,5.6,8.24,8.24,1.95,1.21,19.24,18.41,-3,Healthy,0.06379190214396695,0.3482142856521046,0.06379190214396695
Chicken sweet and sour,445.09,2.67,6.92,47.59,0.89,0.58,32.47,21.98,15,Unhealthy,0.015547417376226051,0.3333333332084894,0.10692219551078003
Chicken korma,147.96,5.43,9.83,9.67,3.32,1.82,23.66,68.66,-2,Healthy,0.0664368748305864,0.6114180477695362,0.06535550148644664
Bengal fish curry (Bengali machli curry),109.43,4.42,7.26,7.03,2.39,1.93,13.92,44.44,-3,Healthy,0.06634378141216901,0.5407239817781168,0.06424198117459341
Fish finger,542.9,4.47,5.66,55.82,0.17,0.34,30.0,11.38,16,Unhealthy,0.01042549272423941,0.03803131990200642,0.10281819856308194
Fish in coconut milk (Nariyal ke doodh ke saath machli),86.21,2.73,8.66,4.43,1.55,1.52,17.13,21.94,-4,Healthy,0.10045238371302109,0.567765567557595,0.05138615009800039
Prawn curry (with coconut) (Jhinga curry),109.55,3.1,8.54,6.93,2.03,1.56,37.12,37.25,-3,Healthy,0.0779552715647836,0.654838709466181,0.06325878594191457
Baked stuffed fish,121.96,2.12,16.14,5.43,0.35,0.38,36.95,18.8,-3,Healthy,0.13233847162895754,0.1650943395447668,0.0445227943584411
Fish pie,120.9,7.74,9.25,5.77,1.13,0.76,23.97,36.15,-3,Healthy,0.07650951199275012,0.14599483202248126,0.04772539288628845
Crispy baked fish,138.4,9.59,10.95,6.41,1.53,1.21,28.89,60.04,-3,Healthy,0.07911849710925492,0.15954118872163284,0.04631502890139946
Fish souffle,139.71,5.14,10.51,8.55,2.09,0.19,84.69,63.87,-2,Healthy,0.07522725645927116,0.40661478591310996,0.06119819626325104
Potato curry (Aloo ki sabzi),89.56,10.42,1.52,4.47,1.58,2.42,0.0,23.74,0,Healthy,0.01697186243839915,0.1516314779125114,0.049910674407660664
Egg curry (Anda curry),117.52,4.03,5.38,8.81,1.9,2.09,120.74,41.59,-2,Healthy,0.04577944179675136,0.471464019734128,0.07496596323966163
Vegetable curry with coconut ,83.07,7.19,2.77,4.66,1.41,3.35,0.0,19.63,-2,Healthy,0.03334537137313898,0.19610570233712019,0.0560972673641977
Curd with potatoes (Dahi aloo),59.9,7.15,1.56,2.72,1.82,1.19,1.45,36.36,-1,Healthy,0.026043405675692098,0.2545454545098538,0.04540901502428366
Potato kofta curry (Aloo kofta curry),455.4,2.78,0.56,49.08,0.63,0.56,2.6,7.77,15,Unhealthy,0.0012296881862072253,0.22661870495445371,0.10777338603401895
Yam kofta curry (Zimikand/Suran kofta curry),322.88,3.75,0.71,33.84,0.63,1.04,3.54,8.35,13,Unhealthy,0.002198959365701812,0.16799999995519999,0.10480673934556244
Jackfruit kofta curry (Kathal ka kofta curry),321.08,3.17,0.8,33.83,2.4,0.96,3.54,11.36,13,Unhealthy,0.0024915908807696167,0.7570977915592751,0.10536314937054515
Spinach and potato (Palak aloo),57.17,5.91,1.63,2.82,0.93,2.04,0.0,43.67,-3,Healthy,0.028511457057398784,0.15736040606474444,0.04932656987844452
Mooli bhujia,91.2,4.74,1.69,7.25,1.07,2.36,0.0,131.88,0,Healthy,0.018530701754182775,0.22573839657684844,0.07949561403421605
Bathua bhujia,90.9,3.63,2.26,7.29,1.08,3.8,0.0,165.84,-2,Healthy,0.024862486248351343,0.2975206610750632,0.08019801980109792
Cabbage rolls (dry) ((Pattagobhi rolls) (dry)),142.48,6.09,8.21,9.36,1.26,1.84,32.9,31.54,-2,Healthy,0.057622122402739895,0.20689655169016477,0.06569343065647325
Cabbage rolls (curry) ((Pattagobhi rolls)(curry)),124.63,7.03,5.76,8.17,3.81,2.35,18.79,29.82,-2,Healthy,0.04621680173275923,0.5419630155701333,0.06555403995775051
Dry arbi (Sookhi arbi),134.95,11.11,2.12,8.97,1.55,2.47,0.0,22.77,0,Healthy,0.01570952204508552,0.13951395138258202,0.06646906261529109
Masala arbi,185.38,16.16,3.01,11.9,0.81,3.1,0.0,32.08,1,Healthy,0.016236918761375355,0.050123762373135906,0.06419246952171652
Peas brinjal bhartha (Matar baingan bhartha),84.55,5.02,2.05,6.05,1.57,3.63,0.0,19.63,-1,Healthy,0.02424600827883801,0.3127490039217632,0.0715552927253512
Okra/Lady's fingers fry (Bhindi sabzi/sabji/subji),110.81,4.5,1.83,9.27,1.42,3.57,0.0,67.88,0,Healthy,0.016514754985863057,0.31555555548543207,0.08365670968248662
Crispy okra/Crispy lady's fingers (Karare bhindi),657.76,4.35,1.91,70.4,0.26,1.75,0.0,27.61,17,Unhealthy,0.0029037946971495624,0.05977011492878848,0.10702991972739749
Beans foogath,105.06,3.26,2.03,9.22,1.7,4.15,0.0,44.2,-1,Healthy,0.019322292023421637,0.521472392478076,0.08775937559406283
Stuffed bittergourd (wet) (Bharwa karele),162.36,4.68,1.36,15.24,1.95,2.86,0.0,17.25,4,Moderate,0.008376447400786054,0.41666666657763535,0.09386548410880842
Jackfruit/Kathal (dry),488.97,4.56,0.93,51.78,3.55,1.33,0.0,12.79,15,Unhealthy,0.0019019571752829378,0.7785087717590989,0.10589606724317259
Yam fried (Zimikand/Suran fried),491.76,5.47,0.79,51.79,0.8,1.44,0.0,8.11,15,Unhealthy,0.0016064747031039402,0.146252285165219,0.10531560110601652
"Cauliflower, pea and potato bhujia (Phoolgobhi, matar aur aloo bhujia)",95.67,8.23,2.75,5.54,1.47,3.26,0.0,21.05,-2,Healthy,0.028744643043495926,0.17861482379360694,0.057907389985806336
Vegetable jalfrezi,68.48,5.43,1.4,4.38,1.79,2.97,0.0,27.11,-2,Healthy,0.020443925233346316,0.3296500920203223,0.06396028037289776
Vegetables stir fry ,30.78,3.19,1.04,1.47,0.86,1.37,0.0,13.3,-1,Healthy,0.0337881741379536,0.26959247640451645,0.04775828459883826
Broccoli delight,40.7,2.34,2.49,2.48,1.08,2.83,0.0,26.99,-4,Healthy,0.06117936117785801,0.4615384613412229,0.06093366093216379
Dhansak (vegetarian),82.8,7.28,3.32,4.18,0.91,4.17,0.0,26.4,-4,Healthy,0.04009661835700366,0.12499999998282967,0.05048309178682991
Cauliflower basket,90.95,3.97,5.21,5.88,1.47,2.4,51.1,100.19,-3,Healthy,0.05728422209942513,0.3702770779923735,0.06465090709109785
Stuffed bottle gourd (Stuffed ghiya/lauki),93.19,4.36,5.84,5.8,1.52,1.18,45.61,71.83,-2,Healthy,0.06266766820407052,0.34862385313104954,0.062238437599933055
Ducheese potato,140.54,10.94,3.6,9.01,0.29,1.29,85.15,18.1,1,Healthy,0.02561548313629134,0.02650822668861899,0.06410986196055138
Roast potatoes ,87.32,14.52,1.53,2.35,0.33,1.71,5.51,10.38,0,Healthy,0.017521759046982114,0.02272727272570749,0.026912505725756843
Stuffed baked potatoes ,100.2,11.03,3.82,4.39,0.4,1.31,72.99,25.72,-1,Healthy,0.0381237524946295,0.03626473254430964,0.04381237524906374
Potato nests,111.62,11.05,5.71,4.77,1.41,2.49,26.5,55.25,-3,Healthy,0.05115570686211113,0.12760180994320344,0.04273427701090544
Parsley potato,119.51,13.81,1.49,6.28,0.34,1.59,15.71,11.43,2,Healthy,0.012467575934963872,0.024619840693365688,0.0525479039406531
Creamed spinach and mushroom,419.62,3.17,2.28,44.14,1.17,1.02,7.15,65.49,14,Unhealthy,0.005433487441005115,0.3690851733851466,0.10519041037103763
Fricassee of Mushroom,106.66,8.13,3.65,6.63,2.51,1.23,13.55,84.97,0,Healthy,0.034220888805229506,0.3087330872928987,0.062160135007855236
Cauliflower au gratin,145.9,9.13,4.45,10.2,3.01,1.44,22.15,119.69,1,Healthy,0.030500342700270733,0.3296823657908343,0.06991089787477785
Vegetable and cheese pie,126.88,8.76,4.03,8.28,2.69,1.91,18.88,99.48,-1,Healthy,0.03176229508171688,0.3070776255357217,0.06525851197930913
Spinach souffle ,150.18,6.27,7.36,10.52,0.89,1.44,114.71,133.69,-1,Healthy,0.049007857237654766,0.141945773502082,0.07004927420382175
Beetroot and egg salad (Chukandar aur ande ka salad),84.92,3.4,3.36,6.45,1.97,0.55,82.25,18.13,1,Healthy,0.03956665096514876,0.5794117645354672,0.07595383890631237
Sour cream potato salad,121.9,9.05,2.89,8.13,0.84,1.21,47.29,23.25,1,Healthy,0.02370795734188919,0.09281767954775494,0.0666940114842765
Tossed green salad,49.88,3.82,1.33,3.24,1.9,1.33,0.0,33.71,0,Healthy,0.026663993584068485,0.4973821988226748,0.06495589414464804
Spring basket salad,160.46,11.61,3.36,11.3,1.46,3.09,8.17,45.65,0,Healthy,0.02093979808038801,0.12575366062655008,0.07042253521082874
Cucumber and yogurt salad (Kheere aur dahi ka salad),36.13,4.72,2.09,0.93,2.28,1.66,2.87,68.49,-2,Healthy,0.05784666481987692,0.4830508473552858,0.025740381953342367
Chicken and tomato towers,100.55,2.36,6.9,6.99,1.21,1.14,20.73,17.54,-2,Healthy,0.06862257583223648,0.5127118641895289,0.06951765290830912
Jellied sunshine fruit salad,48.86,4.21,5.85,0.85,2.86,1.8,0.0,37.14,-4,Healthy,0.1197298403577624,0.6793349167032459,0.01739664347078599
Tomato aspic,50.37,5.02,6.87,0.26,3.21,1.58,0.0,44.28,-5,Healthy,0.13639070875250367,0.6394422309483183,0.005161802660211202
Frozen frosty fruit salad (Phalon ka salaad),103.51,15.61,1.68,4.17,14.38,0.26,26.33,28.61,4,Moderate,0.016230315911349335,0.921204356122921,0.04028596270852781
French dressing,733.77,3.68,0.32,79.65,3.01,0.22,0.0,6.98,19,Unhealthy,0.0004361039562799841,0.8179347823864307,0.10854900036781479
Mayonnaise without eggs,329.05,3.98,2.13,33.84,3.68,0.04,0.0,75.54,14,Unhealthy,0.006473180367705597,0.9246231153455721,0.10284151344749176
Curd dressing ,78.8,8.03,5.59,2.9,7.57,0.22,10.52,194.59,-2,Healthy,0.070939086293516,0.9427148193097492,0.03680203045638576
Carrot raita (Gajar ka raita),64.78,7.19,4.14,2.19,5.99,1.69,6.98,146.72,-2,Healthy,0.06390861376869544,0.8331015297867731,0.03380673047184614
Pumpkin raita (Kaddu ka raita),55.6,6.02,3.74,1.88,5.48,1.04,6.47,130.11,-2,Healthy,0.0672661870491499,0.9102990031710468,0.033812949639679624
Mint and peanut raita (Pudinay aur moongfali ka raita),112.05,7.31,7.05,6.19,6.17,1.79,8.26,191.01,-1,Healthy,0.06291834002621224,0.8440492474905542,0.055243195001738125
Spinach raita (Palak ka raita),52.75,5.06,3.95,1.86,3.97,1.39,5.41,142.96,-3,Healthy,0.07488151658625818,0.7845849800820979,0.03526066350644056
Bathua raita,54.4,5.31,4.13,1.76,4.11,2.19,5.41,206.31,-4,Healthy,0.07591911764566325,0.7740112992892635,0.032352941175875866
Pineapple raita (Ananas ka raita),67.74,8.62,3.9,2.02,8.12,1.39,6.93,134.53,-2,Healthy,0.05757307351553627,0.9419953595194901,0.0298198996157393
Banana raita (Kele ka raita),89.03,13.51,4.13,2.07,10.11,1.0,6.93,133.23,0,Healthy,0.046388857687898584,0.7483345669320255,0.023250589688607763
Mango raita (Aam ka raita),67.37,8.23,3.9,2.14,7.87,0.89,6.93,136.06,-1,Healthy,0.057889268219416805,0.9562575940514875,0.03176488051014153
Guava raita (Amarood ka raita),64.36,7.27,4.19,2.07,6.71,3.0,6.93,136.93,-4,Healthy,0.06510254816555155,0.9229711140408569,0.03216283405792164
Grapes raita (Angoor ka raita),72.59,9.66,3.98,2.07,8.51,0.71,6.93,134.52,-1,Healthy,0.05482848877180288,0.880952380861185,0.028516324562219083
Bottle gourd kheer (Ghiya/Lauki kheer),84.07,10.0,2.7,3.86,9.63,0.55,0.0,94.18,3,Moderate,0.03211609373103228,0.9629999999037001,0.045914119185846154
Pumpkin kheer (Kaddu ki kheer),86.35,10.44,2.76,3.86,10.12,0.63,0.0,95.61,3,Moderate,0.03196294151671149,0.9693486589109819,0.04470179501974868
Apple kheer (Seb ki kheer),81.3,11.34,2.14,3.18,10.71,0.51,0.0,75.67,3,Moderate,0.026322263222308462,0.9444444443611602,0.03911439114343033
Caramel custard (baked),122.7,14.95,5.11,5.01,14.92,0.0,81.15,90.59,2,Healthy,0.04164629176820174,0.997993310970034,0.040831295843188
Vanilla ice cream without egg,228.67,14.21,2.69,18.15,13.45,0.0,41.7,81.27,9,Moderate,0.011763676914279252,0.9465165375829333,0.07937202081567599
Vanilla ice cream with egg,214.85,11.71,4.16,17.02,11.69,0.0,86.75,77.42,7,Moderate,0.01936234582257686,0.9982920579847743,0.07921805911063896
Strawberry ice cream,215.61,12.26,4.15,16.96,11.6,0.0,86.39,77.08,7,Moderate,0.01924771578303767,0.9461663947025966,0.07866054450128167
Chocochip ice cream,241.45,16.75,4.23,17.93,16.08,0.0,79.34,73.22,11,Unhealthy,0.017519155104503963,0.9599999999426865,0.07425968109308653
Choconut ice cream,273.96,23.13,5.04,18.49,21.02,0.51,65.65,67.38,13,Unhealthy,0.01839684625486058,0.9087764807216266,0.06749160461356588
Pear chocholate sunday,183.49,15.02,2.08,13.11,14.41,0.07,29.11,56.67,8,Moderate,0.011335767616702078,0.959387483291652,0.07144803531488665
Chocolate sauce,263.2,43.21,1.91,10.39,42.06,0.0,21.3,18.8,15,Unhealthy,0.007256838905747505,0.9733857903037866,0.03947568389042753
Coffee ice cream,150.62,14.09,3.15,9.43,13.35,0.0,22.23,95.72,5,Moderate,0.02091355729636892,0.9474804825445365,0.06260788739833616
Coffee pear alaska,203.99,19.36,2.88,13.22,16.88,0.15,28.43,60.61,8,Moderate,0.014118339134202077,0.8719008264012448,0.06480709838685815
Crunchy butterscotch,277.32,19.92,3.11,20.99,17.73,0.47,46.39,72.26,12,Unhealthy,0.011214481465414632,0.8900602409191736,0.0756887350350653
Peach melba ice cream,200.85,16.31,2.06,14.51,13.35,0.06,33.23,60.55,7,Moderate,0.010256410256359193,0.8185162476506121,0.07224296738823878
Vanilla ice cream with apples in hot cherry sauce,196.32,22.75,1.73,11.45,14.19,0.26,26.15,56.34,7,Moderate,0.008812143439237918,0.6237362637088467,0.0583231458839735
Grape and orange whip,57.39,6.72,1.41,2.62,5.66,0.97,6.51,17.4,0,Healthy,0.024568740198212778,0.8422619046365682,0.045652552708735805
Honey banana cream,125.49,13.64,2.78,6.68,10.51,0.7,14.27,43.52,4,Moderate,0.022153159614135363,0.7705278591810463,0.053231333173533894
Raspberry bavarian cream,150.1,17.82,3.34,7.88,15.3,2.19,19.94,26.4,2,Healthy,0.02225183211177714,0.8585858585376775,0.052498334443354444
Fruit delight,107.09,9.11,2.09,7.09,9.03,0.09,12.28,71.69,4,Moderate,0.019516294705205748,0.9912184411645205,0.06620599495689414
Creamy chocolate mousse,230.52,9.53,6.85,18.16,8.99,0.0,129.13,45.25,5,Moderate,0.029715425993277304,0.9433368309608252,0.0787784140201337
Cold lemon souffle,169.87,15.62,5.89,9.78,13.88,0.0,98.14,55.03,5,Moderate,0.03467357390925606,0.888604353336197,0.057573438511464216
Cold orange souffle,173.19,16.27,5.94,9.82,14.42,0.11,98.65,55.45,5,Moderate,0.034297592239538675,0.8862937922012112,0.056700733298361915
Cold pineapple souffle,181.22,16.85,6.23,10.39,14.99,0.0,104.39,57.13,5,Moderate,0.034378103961845395,0.889614243270646,0.057333627634602514
Cold vanilla souffle,179.54,16.29,6.22,10.32,14.49,0.0,100.85,62.47,5,Moderate,0.034644090453187906,0.8895027623763351,0.057480227247089906
Cold chocolate souffle,187.53,17.22,6.37,10.86,15.31,0.0,98.07,62.91,5,Moderate,0.03396789846939707,0.8890824622015633,0.05791073428220599
Stewed fruit (with pear),74.32,18.22,0.25,0.32,17.67,2.84,0.0,5.94,0,Healthy,0.0033638320774574296,0.9698133918238304,0.0043057050591455105
Apricot fool,240.79,33.64,1.54,11.35,21.29,1.0,27.58,26.37,9,Moderate,0.006395614435788881,0.6328775267350513,0.04713650899104142
Pavlova,200.6,21.84,1.84,12.29,20.37,0.06,31.94,23.0,9,Moderate,0.009172482552297247,0.9326923076496021,0.06126620139550715
Apple crumb pudding,220.85,35.17,1.54,8.87,27.69,1.33,21.68,38.49,9,Moderate,0.00697305863705242,0.7873187375380348,0.040163006565360364
Steamed cake with chocolate sauce,301.91,29.06,4.49,19.01,19.72,0.29,78.72,67.76,13,Unhealthy,0.014871981716356291,0.6785960082354234,0.06296578450510759
Hot lemon souffle,155.25,16.31,5.29,7.93,12.07,0.14,116.79,48.77,2,Healthy,0.0340740740738546,0.7400367872017145,0.05107890499161946
Gulab jamun with milk powder,471.15,28.24,0.85,40.15,27.04,0.05,1.25,26.13,21,Unhealthy,0.0018040963599664564,0.9575070821190684,0.08521702217959203
Chum chum,130.05,28.27,1.52,1.92,27.84,0.02,0.1,62.58,7,Moderate,0.011687812379764032,0.9847895295017761,0.014763552479701934
Dil bahar,130.05,28.27,1.52,1.92,27.84,0.02,0.1,62.58,7,Moderate,0.011687812379764032,0.9847895295017761,0.014763552479701934
Rasbhari,130.05,28.27,1.52,1.92,27.84,0.02,0.1,62.58,7,Moderate,0.011687812379764032,0.9847895295017761,0.014763552479701934
Rajbogh,133.7,28.16,1.71,2.28,27.66,0.11,0.1,63.23,6,Moderate,0.012789827972978387,0.9822443181469374,0.01705310396397118
Rasgulla,118.64,25.79,1.38,1.75,25.4,0.01,0.09,57.09,6,Moderate,0.011631827376840594,0.9848778595973292,0.014750505731500755
Rasmalai,135.55,29.17,1.61,2.11,28.71,0.07,0.09,62.31,6,Moderate,0.011877535964501088,0.9842303736378392,0.015566211729874095
Khoa coconut burfi,411.45,36.55,9.98,26.01,35.6,4.07,0.0,309.84,16,Unhealthy,0.024255681127660092,0.974008207907688,0.06321545752810011
Danedar burfi,102.68,12.33,3.24,4.72,11.98,0.09,0.0,107.53,2,Healthy,0.031554343591434025,0.9716139496373387,0.04596805609616314
Semolina burfi (Suji/Rava burfi),348.67,47.1,3.47,16.86,28.67,2.8,39.41,14.86,13,Unhealthy,0.009952103708349007,0.6087048832142526,0.04835517824863522
Pumpkin coconut burfi (Kaddu aur nariyal ki burfi),186.18,17.02,1.75,12.66,16.11,4.29,5.11,21.76,4,Moderate,0.009399505854498875,0.9465334899561378,0.06799871092454615
Khoa ladoo,396.02,34.43,12.21,24.09,33.37,3.08,0.0,358.61,16,Unhealthy,0.03083177617284271,0.9692128957023174,0.060830261097770746
Wheat and gram flour ladoo (Atta besan ladoo),501.7,50.5,9.38,29.86,18.46,6.01,60.99,35.27,14,Unhealthy,0.018696432130718168,0.3655445544482071,0.05951764002380005
Semolina ladoo with nuts (Suji/Rava ladoo with nuts),441.84,48.02,5.44,25.45,19.79,4.27,58.8,18.04,13,Unhealthy,0.012312149194250608,0.4121199500122424,0.05760003621207315
Sesame chickpeas brittle (Til aur channe ki chikki),282.74,50.49,8.5,4.66,36.48,5.54,0.0,150.73,7,Moderate,0.030062955365247,0.7225193107402947,0.016481573176711888
Murmura chikki,253.82,59.59,2.12,0.32,48.27,0.37,0.0,63.3,13,Unhealthy,0.008352375699281569,0.8100352407986234,0.0012607359546085387
Masala onion pakora/pakoda (Pyaaz ke pakode),551.64,6.48,2.05,57.61,1.58,1.44,0.0,11.06,15,Unhealthy,0.003716191719230447,0.2438271604561995,0.10443405119261759
Masala green chilli pakora/pakoda (Hari mirch kay pakode),668.76,5.55,2.22,71.01,0.27,1.34,0.0,8.58,17,Unhealthy,0.003319576529691789,0.04864864863988313,0.1061815898078441
Chicken pakora/pakoda,590.09,4.55,6.03,60.98,0.22,0.96,11.98,9.08,16,Unhealthy,0.010218780186055994,0.04835164834102162,0.10334016844870554
Fish pakora/pakoda,577.03,4.55,5.97,59.52,0.22,0.96,9.04,12.65,16,Unhealthy,0.010346082526020577,0.04835164834102162,0.1031488830734916
Paneer cutlet,672.2,7.62,4.59,69.38,2.52,0.39,0.0,107.86,18,Unhealthy,0.00682832490329243,0.33070866137392274,0.10321332936610648
Sago cutlet/vadas (Sabudana cutlet/vadas),558.76,11.23,0.56,56.97,0.1,0.54,0.0,5.43,16,Unhealthy,0.0010022191996545884,0.008904719500542767,0.10195790679343196
Poshtik cutlet,496.45,7.39,2.0,50.94,0.32,1.35,0.0,14.94,15,Unhealthy,0.004028603081873243,0.04330175912810531,0.1026085204953115
Egg cutlet (Anda cutlet),575.02,5.77,2.45,60.25,0.2,0.58,45.0,16.22,17,Unhealthy,0.00426072136620594,0.03466204505465129,0.10477896420975831
Minced meat cutlet,531.86,5.61,5.1,54.47,0.31,0.4,16.5,20.82,16,Unhealthy,0.00958898958370701,0.055258467013322904,0.10241416914206292
Vegetable samosa,443.11,13.22,2.21,42.22,0.74,1.52,4.06,10.37,14,Unhealthy,0.00498747489335608,0.05597579424690047,0.09528108144682972
Plain urad dal vada (Uzunne vada/Minapa garelu/Ulundu vadai/Medu vada),745.5,9.7,4.39,76.32,0.16,2.27,0.0,10.6,17,Unhealthy,0.005888665325277144,0.016494845359124245,0.10237424547269969
Masala urad dal vada,703.78,9.93,4.32,71.62,0.7,2.71,0.0,11.87,16,Unhealthy,0.006138281849432866,0.07049345417215575,0.10176475603156987
Khaman (dhokla),54.73,5.36,1.92,2.8,1.36,1.49,0.0,5.31,-2,Healthy,0.03508130823981215,0.25373134323624413,0.05116024118305938
Instant dhokla,207.11,24.11,7.66,9.37,6.86,3.57,2.59,66.58,-1,Healthy,0.03698517695892528,0.2845292409670457,0.04524165902155742
Tomato ginger chutney (Tamatar adarak ki chutney),44.66,9.11,1.05,0.32,6.31,2.14,0.0,23.63,-1,Healthy,0.023510971786307417,0.6926454444903792,0.007165248544398451
Mint tomato chutney (Pudinay aur tamatar ki chutney),43.65,8.22,1.53,0.36,5.48,2.63,0.0,47.59,-1,Healthy,0.03505154639094957,0.6666666665855636,0.008247422680223427
Coriander chutney (Hare dhaniye ki chutney),42.86,8.16,1.38,0.37,5.5,2.47,0.0,39.8,-1,Healthy,0.03219785347568367,0.6740196077605368,0.008632757815944173
Gooseberry chutney (Amla chutney),43.02,8.83,1.44,0.62,0.06,4.58,0.0,46.4,-4,Healthy,0.03347280334650226,0.006795016986772931,0.01441190144085514
Walnut chutney (Akhrot ki chutney),370.43,8.91,9.44,33.46,4.4,3.04,3.33,119.57,11,Unhealthy,0.0254838970924993,0.49382716043840325,0.09032745727913417
Saunth/Sonth chutney with ginger,84.22,20.62,0.28,0.11,19.04,0.31,0.0,15.17,5,Moderate,0.0033246259795378223,0.9233753636797586,0.0013061030633898585
Gun powder chutney,312.34,47.65,21.55,2.67,1.16,13.95,0.0,68.87,-7,Healthy,0.06899532560648974,0.024344176284903585,0.008548376768878312
Dessicated coconut chutney (Sookhe kase nariyal ki chutney) ,346.36,36.72,12.88,15.88,10.41,13.16,0.0,73.55,6,Moderate,0.03718674211792012,0.28349673201842335,0.045848250375199656
Curd mint dip ,76.13,9.11,4.82,2.44,7.83,0.77,8.34,172.79,-2,Healthy,0.06331275449805185,0.85949506027887,0.032050440036358194
Curd vegetable dip,56.21,6.04,3.88,1.94,5.42,0.63,6.59,129.58,-1,Healthy,0.06902686354618348,0.8973509932289153,0.03451343177309174
Mayonnaise vegetable dip,241.27,4.8,3.01,23.44,4.39,0.41,29.91,91.42,9,Moderate,0.012475649687020866,0.914583333142795,0.09715256766238177
Tomato and cucumber sandwich (Tamatar aur kheere ka sandwich),150.68,20.51,4.03,6.31,1.79,2.1,13.52,76.75,-1,Healthy,0.02674542075904735,0.0872745002395283,0.041876825059451304
Tomato sandwich (grilled),189.92,21.29,6.26,9.39,2.58,1.91,24.95,150.9,0,Healthy,0.03296124684060151,0.12118365429210036,0.04944187026090227
French sandwich (toasted),186.75,14.82,6.82,11.51,1.82,1.37,104.86,100.73,0,Healthy,0.03651941097704675,0.12280701753557308,0.06163319946419474
Peanut butter cucumber sandwich,243.33,29.76,9.04,10.56,2.91,3.35,0.0,95.35,-2,Healthy,0.03715119385181789,0.09778225806123043,0.04339785476495542
Mint and peanut sandwich,273.59,31.83,7.18,13.88,2.78,3.67,21.7,114.99,0,Healthy,0.026243649256090344,0.08733898837300223,0.05073284842263705
Spicy chutney sandwich,249.58,34.03,8.74,9.58,3.96,3.73,2.86,154.53,-3,Healthy,0.035018831637010105,0.11636791066363891,0.03838448593621931
Chicken walnut sandwich (Chicken aur akhrot ke sandwich),285.78,22.62,12.58,16.77,1.77,1.53,31.68,78.45,2,Healthy,0.04401987542849738,0.07824933686656722,0.05868150325404619
Rolled sandwich,293.07,34.69,6.45,15.29,2.7,2.07,35.25,117.68,2,Healthy,0.022008393898993388,0.07783222830562607,0.05217183607993936
Ribbon sandwich,239.26,24.76,6.26,13.37,4.66,2.92,34.85,157.85,1,Healthy,0.026164005684083575,0.188206785129717,0.05588063194827435
Checker board sandwich,348.37,25.94,7.37,24.65,2.9,2.22,64.42,188.02,10,Moderate,0.021155667824378804,0.11179645334958378,0.07075810201776629
Submarine sandwich,216.92,13.6,6.09,15.32,2.5,1.24,62.46,72.35,3,Moderate,0.028074866310031005,0.18382352939824828,0.07062511524953613
Cheese open sandwich,274.07,28.42,9.84,14.24,3.24,1.74,28.38,256.25,1,Healthy,0.03590323639932899,0.1140042223745952,0.051957529098215945
Sunset and sunrise open sandwich,241.31,18.89,8.58,15.14,1.95,1.39,123.49,114.07,2,Healthy,0.035555923915148335,0.10322922180501698,0.06274087273605429
Danish luncheon sandwich,193.82,17.77,9.03,10.1,1.13,1.52,124.4,77.13,-1,Healthy,0.046589619234100765,0.0635903207617563,0.052110205344896764
Chicken and corn open sandwich,188.16,19.21,8.63,8.83,2.48,1.67,31.78,65.13,-2,Healthy,0.045865221088191625,0.12909942737485167,0.046928146258254
Chocolate sponge cake,239.86,39.54,9.13,5.51,25.0,0.52,173.46,33.99,3,Moderate,0.0380638705910195,0.6322711178393458,0.022971733511119103
Chocolate swiss roll,306.08,26.97,6.01,19.76,18.83,0.29,138.28,42.79,13,Unhealthy,0.019635389440604955,0.698183166455388,0.06455828541536672
Lemon curd filling,225.62,26.41,3.43,12.58,26.13,0.0,118.13,16.39,11,Unhealthy,0.015202552965095283,0.9893979552824915,0.055757468309299896
Jam filling,184.62,46.15,0.0,0.0,41.54,0.0,0.0,0.0,11,Unhealthy,0.0,0.9001083423423596,0.0
Chocolate pastry,243.37,32.24,7.05,10.12,22.34,0.32,121.03,50.7,6,Moderate,0.028968237662698904,0.6929280396807405,0.04158277519808693
Assorted pastry,230.74,31.99,6.78,8.91,19.7,0.43,131.02,47.2,4,Moderate,0.029383721937984816,0.6158174429316718,0.038614891219387125
Orange gateau,178.05,27.01,4.78,6.02,18.33,0.68,87.91,41.69,6,Moderate,0.026846391462921393,0.6786375416261148,0.03381072732359556
Black forest gateau,217.82,30.57,5.94,8.58,21.97,0.28,107.21,46.79,5,Moderate,0.027270223119882153,0.7186784428943841,0.03939032228427422
Lemon cake,373.85,43.1,5.29,20.63,25.84,0.62,123.01,32.77,15,Unhealthy,0.014150060184528152,0.5995359628631198,0.05518255985005969
Dundee cake,396.62,41.4,7.78,22.7,21.3,1.81,111.12,58.11,14,Unhealthy,0.019615753113762253,0.5144927536107611,0.0572336241237022
Victorian sandwich cake,373.09,44.74,5.18,19.83,28.18,0.59,117.02,36.25,16,Unhealthy,0.013884049425034486,0.6298614215326361,0.053150714304716955
Chocolate eggless cake,312.01,43.45,6.66,13.19,34.2,0.32,35.49,185.38,14,Unhealthy,0.021345469696415677,0.7871116225365453,0.04227428608043885
Orange eggless cake,355.62,52.65,7.16,13.82,37.87,0.56,40.97,205.84,16,Unhealthy,0.02013385073949684,0.7192782525979244,0.038861706315621
Chocolate glace icing,436.29,62.43,3.22,20.8,59.88,0.0,44.49,26.75,21,Unhealthy,0.007380412111193517,0.9591542527477311,0.04767471177416931
Butter icing,500.72,71.64,0.19,25.37,71.64,0.0,65.74,12.48,24,Unhealthy,0.00037945358683419986,0.9999999999860413,0.05066703946307184
Chocolate butter icing,469.59,61.72,3.21,24.77,59.82,0.0,54.9,31.87,23,Unhealthy,0.006835750335384408,0.9692158133349124,0.052748141996097134
Almond biscuit (Badam ke biscuit),407.74,52.14,6.25,19.7,22.19,1.5,73.79,44.05,14,Unhealthy,0.015328395546143797,0.4255849635514848,0.048315102761445246
Orange biscuit,354.78,62.11,3.63,11.01,42.63,0.75,51.51,20.35,16,Unhealthy,0.010231692880065868,0.6863629045131805,0.031033316421356805
Gingerman biscuit,357.43,55.24,6.26,12.73,21.64,2.0,70.42,41.35,10,Moderate,0.01751391880922834,0.39174511223041736,0.0356153652462423
Coffee drops,443.07,43.06,7.57,27.16,18.27,1.88,94.23,57.09,17,Unhealthy,0.017085336402787178,0.42429168600965417,0.06129956891673709
Christmas biscuit,406.07,60.97,5.67,15.88,26.01,2.17,64.54,29.07,13,Unhealthy,0.013963109808619294,0.42660324749177303,0.03910655798251753
Christmas wreath biscuit,386.05,58.07,5.43,15.01,24.89,2.28,60.87,29.71,12,Unhealthy,0.014065535552353152,0.4286206302664264,0.03888097396700199
Christmas bell biscuit,404.85,60.79,5.66,15.84,25.94,2.33,64.34,32.0,13,Unhealthy,0.013980486599940768,0.42671492021012153,0.03912560207474589
Christmas star biscuit,392.03,74.54,3.54,10.04,53.05,1.47,35.98,22.75,16,Unhealthy,0.009029921179478536,0.7116984169477903,0.025610284927108613
Christmas tree biscuit,385.63,58.41,5.43,15.0,24.77,2.65,60.87,35.04,11,Unhealthy,0.014080854705250938,0.42407122067412995,0.0388973886885385
Chocolate cream shells,427.17,59.26,5.1,19.34,34.72,0.9,80.56,28.53,18,Unhealthy,0.011939040662939954,0.585892676331659,0.04527471498456054
Jelly biscuit,404.61,55.24,4.23,19.33,29.76,2.02,44.67,36.46,15,Unhealthy,0.010454511752031699,0.538740043437025,0.04777440003942617
Cherry and walnut cookies,422.6,59.35,5.63,18.75,30.37,1.3,60.15,46.27,16,Unhealthy,0.013322290582079217,0.5117101937571743,0.04436819687637395
Cheese straws,382.0,30.61,9.83,24.28,1.79,1.29,201.93,160.64,11,Unhealthy,0.025732984293126353,0.05847762169034702,0.06356020942391738
Butterfly biscuit,341.45,25.33,9.98,22.11,2.44,1.02,169.12,202.49,10,Moderate,0.029228291111350925,0.09632846426781175,0.06475325816352394
Flan pastry,445.8,47.84,6.72,25.04,6.22,1.58,102.33,21.85,13,Unhealthy,0.01507402422607655,0.130016722405309,0.056168685509070955
Fruit flan,261.35,34.71,3.3,12.48,9.52,0.71,49.52,19.28,7,Moderate,0.012626745743207855,0.27427254392756345,0.0477520566288588
Orange cream flan,280.28,36.16,4.73,13.59,25.27,0.63,119.55,27.9,12,Unhealthy,0.01687598116163524,0.6988384955558951,0.04848722705848264
Fruit puree tart,286.5,30.42,3.35,16.83,9.79,1.31,42.87,19.64,7,Moderate,0.011692844677097058,0.32182774489408844,0.058743455497177154
Apple banana pie,243.99,32.12,3.13,11.39,12.96,1.89,24.66,21.23,6,Moderate,0.012828394606283747,0.40348692402230746,0.04668224107526259
Lemon chiffon pie,259.31,27.63,4.88,14.52,11.39,0.66,70.3,34.43,6,Moderate,0.018819173961594927,0.41223307997060327,0.05599475531195868
Orange chiffon pie,207.57,23.14,3.89,11.16,10.46,0.7,53.94,30.34,5,Moderate,0.018740665799399044,0.4520311149329287,0.05376499494120651
Cream buns,215.74,14.16,4.45,15.81,5.95,0.31,93.93,45.27,6,Moderate,0.020626680263184267,0.4201977400833194,0.07328265504740297
Savoury puffs,190.79,10.8,9.51,15.24,4.51,0.33,70.73,68.83,3,Moderate,0.04984537973662223,0.41759259255392656,0.07987840033502869
Choux swans,216.34,14.92,4.35,15.6,6.13,0.35,92.21,44.67,6,Moderate,0.02010723860580518,0.41085790881964757,0.07210871775874961
Potato aigrettes,530.03,8.01,2.35,54.24,0.73,0.45,49.7,9.2,16,Unhealthy,0.004433711299352049,0.09113607988874706,0.10233383016036389
Cream horns,408.23,23.12,3.42,33.55,7.12,0.6,93.08,30.93,16,Unhealthy,0.008377630257432385,0.3079584774953305,0.08218406290551358
Savoury cheese horns,295.15,21.38,5.66,20.71,2.74,0.73,50.63,121.83,6,Moderate,0.019176689818671266,0.12815715621477283,0.07016771133298268
Paneer patties,338.58,22.79,7.6,23.96,4.04,1.18,45.19,129.9,10,Moderate,0.022446689113289484,0.17727073276975558,0.07076614094137054
Vegetable patties ,261.92,20.98,4.01,17.74,1.49,2.62,39.33,18.96,4,Moderate,0.015310018326148022,0.0710200190623918,0.06773060476455509
Pearl millet infant food (Bajra shishu aahaar),362.44,62.1,11.98,6.62,26.06,7.84,0.0,118.52,6,Moderate,0.033053746826969835,0.41964573268245337,0.018265092153133582
Sajina,345.26,66.87,10.81,3.03,25.89,7.62,0.0,54.4,0,Healthy,0.03130973758897263,0.3871691341350804,0.008775994902366982
Cereal mix ,120.81,21.84,3.32,2.02,10.68,2.03,0.0,21.4,-1,Healthy,0.02748116877719161,0.4890109889885984,0.016720470159616585
Pulse mix,83.29,16.0,3.16,0.54,6.59,2.25,0.0,14.93,-1,Healthy,0.037939728658447115,0.4118749999742578,0.006483371353025773
Shishu ahar,93.37,17.42,2.61,1.43,6.61,1.02,0.0,13.78,0,Healthy,0.027953304058820246,0.37944890927787317,0.015315411802342128
Cereal pulse mix with amylase rice flour,151.57,27.8,4.27,2.74,8.84,3.47,0.0,12.61,-3,Healthy,0.02817180180755973,0.317985611499353,0.018077455960822875
Banana groundnut paste/puree,213.19,36.15,4.27,5.45,31.67,1.7,0.0,74.93,7,Moderate,0.020029082039401336,0.8760719225207174,0.02556405084654269
Rice dal porridge (Chawal dal ki khichdi/khichri),383.33,65.04,10.8,8.33,26.54,4.51,0.0,50.46,7,Moderate,0.028174158036083342,0.40805658055953165,0.021730623744497614
Lentils and semolina porridge (Dal suji porridge/daliya),117.29,23.19,3.26,1.06,13.84,1.44,0.0,44.74,1,Healthy,0.027794355869828674,0.5968089693576193,0.009037428595711165
Spinach khichri (Palak khichri/khichdi),102.18,17.35,3.43,1.91,0.21,1.56,0.0,10.43,-2,Healthy,0.03356821295719741,0.012103746396996901,0.01869250342514491
Vegetable mix,174.21,36.02,4.7,0.94,27.36,1.93,2.2,90.06,4,Moderate,0.026978933470943236,0.7595780121943482,0.005395786694188647
Lentils and wheat porridge (Dal wheat porridge/daliya ),52.54,8.36,2.71,0.94,0.92,1.28,0.0,26.28,-2,Healthy,0.051579748761865635,0.11004784687678855,0.01789113056684638
Maize porridge,89.57,15.64,2.14,1.89,7.69,1.68,0.0,17.02,0,Healthy,0.02389192810065991,0.4916879795082041,0.021100815004788425
Spinach peanut burfi (Palak aur mungfali ki burfi),105.37,13.59,3.36,4.39,11.5,2.07,0.0,40.95,0,Healthy,0.031887634051135164,0.8462104487971883,0.04166271234657243
Split bengal gram burfi/fudge (Channa dal burfi),287.36,54.63,4.65,7.09,43.38,2.06,15.06,16.44,12,Unhealthy,0.016181792872994913,0.7940691927367003,0.024672884186996542
Chickpea flour cookies (Sweet besan rounds/cookies),207.01,39.64,4.29,3.42,30.66,2.56,6.15,54.95,5,Moderate,0.02072363653919751,0.7734611503336666,0.016520941017262352
Pearl millet mathri (Bajra mathri),785.08,7.42,1.82,83.12,0.16,1.36,6.55,4.63,18,Unhealthy,0.0023182350843196638,0.021563342315153188,0.10587456055420355
Sesame biscuit (Til ke biscuit),424.03,53.65,8.27,19.34,29.73,6.83,28.19,298.06,12,Unhealthy,0.019503337027994474,0.554147250688646,0.045609980425805705
Fermented bengal gram vada (Khameerikrit/Ufna hua channa dal ka vada),657.57,8.68,4.05,67.19,0.35,2.65,0.0,20.5,16,Unhealthy,0.0061590401021850765,0.04032258064051583,0.10217923567057167
Poshtik namak paras,613.39,19.52,6.49,56.58,0.87,4.55,14.3,60.74,13,Unhealthy,0.010580544188834869,0.04456967212886426,0.0922414776894109
Soya chikki,423.7,62.89,7.18,15.51,45.47,3.55,32.71,81.25,17,Unhealthy,0.01694595232471809,0.7230084274014469,0.03660608921398016
Besan bathua chilla/cheela,373.82,40.65,11.48,18.57,1.45,7.79,40.83,64.75,0,Healthy,0.030709967363889815,0.03567035670268954,0.049676314803783435
Wheat flour and nuts ladoos (Atta nuts ladoos),391.9,44.31,9.46,19.19,15.94,7.3,25.45,127.29,8,Moderate,0.024138810921091765,0.3597382080713216,0.048966573105259086
Gram flour and semolina dhokla (Besan suji dhokla),198.91,25.92,8.52,7.1,2.58,4.59,1.39,66.66,-5,Healthy,0.042833442260103397,0.09953703703319687,0.03569453521675283
Atta dal burfi ,298.8,40.64,6.66,12.47,21.08,4.08,23.81,17.07,7,Moderate,0.02228915662643143,0.5187007873888115,0.0417336010708108
Soya roti,283.96,40.03,9.18,9.23,1.58,8.71,0.02,53.42,-4,Healthy,0.032328496971290574,0.03947039720111241,0.03250457810947844
Poshtik khichdi/khichri,93.37,15.64,3.04,1.88,0.26,2.0,0.0,30.41,-2,Healthy,0.032558637677706344,0.016624040919653194,0.02013494698489734
Namkeen daliya,295.11,49.32,8.29,7.99,0.82,8.57,0.0,35.98,-5,Healthy,0.028091220222872516,0.016626115165924046,0.027074650130368083
Sprouts upma ,316.25,44.96,9.5,10.44,1.67,7.16,0.0,36.78,-4,Healthy,0.03003952569160462,0.03714412811305284,0.033011857707405494
Semolina idli (Suji/Rava idli),206.39,33.67,9.34,3.47,3.42,5.85,3.48,100.85,-7,Healthy,0.04525413052936066,0.10157410157108482,0.016812830078895235
Poshtik chilla/cheela,159.53,27.47,4.85,3.04,1.22,4.91,0.0,18.18,-6,Healthy,0.03040180530288722,0.04441208591028715,0.019055976932119002
Stuffed bittergourd (dry) (Bharwa karela),217.65,2.49,1.29,22.38,0.07,3.0,0.0,16.72,6,Moderate,0.0059269469331223205,0.028112449787906647,0.10282563749091281
Cauliflower potato canjee,16.79,2.63,0.57,0.39,0.13,0.69,0.0,6.78,0,Healthy,0.033948779033118,0.04942965777588226,0.023228111970028106
Creamed spinach,96.91,4.44,5.18,6.39,1.59,1.33,59.6,122.3,-1,Healthy,0.053451656175281685,0.35810810802745313,0.0659374677529054
Mango milkshake with ice cream (Aam milkshake ice cream�ke�saath),68.35,9.18,1.93,2.8,9.11,0.23,1.3,69.36,1,Healthy,0.02823701536169368,0.9923747275607434,0.04096561814131725
Pineapple milkshake with ice cream (Ananas milkshake ice cream�ke�saath),68.49,9.33,1.93,2.75,9.2,0.42,1.3,68.78,1,Healthy,0.028179296247215956,0.9860664521987066,0.040151846984375066
Orange milkshake with ice cream (Narangi milkshake ice cream�ke�saath),67.82,9.15,1.95,2.75,9.0,0.16,1.3,69.8,0,Healthy,0.028752580359351923,0.9836065572695512,0.04054851076318861
Woodapple juice (Bel ka sharbat),34.18,6.51,0.63,0.7,5.75,1.03,0.0,11.85,0,Healthy,0.018431831479858638,0.8832565282821419,0.020479812755398483
Sattu drink,23.38,5.16,0.56,0.14,3.96,0.4,0.0,1.59,0,Healthy,0.023952095807358766,0.7674418603163872,0.005988023951839692
Apple and honey sorbet (Seb aur shehad ka sharbat),121.3,30.74,0.15,0.29,29.18,1.13,0.0,9.11,6,Moderate,0.0012366034624795004,0.9492517891688598,0.002390766694127034
Thandai,101.18,9.13,3.59,5.89,8.21,0.8,0.0,112.31,1,Healthy,0.03548132041870447,0.8992332967251662,0.058213085589462206
Cucumber sharbat (Kheere ka sharbat),27.28,6.64,0.26,0.06,5.46,0.78,0.0,6.49,1,Healthy,0.009530791788506935,0.8222891565026673,0.0021994134896554467
Apple oats chia seed smoothie,85.64,13.07,3.49,2.48,5.76,1.44,4.32,88.89,-1,Healthy,0.04075198505323736,0.44070390203208076,0.02895843063954976
Nannari sharbat,88.79,23.62,0.01,0.01,23.58,0.0,0.0,2.67,6,Moderate,0.0001126252956401326,0.9983065198561257,0.0001126252956401326
Semolina milk drink (Thari kanji),44.16,6.93,0.98,1.36,3.88,0.72,0.93,8.26,0,Healthy,0.022192028985004712,0.5598845598037685,0.03079710144857797
Saffron milk (Kesariya doodh),102.18,12.64,3.17,4.57,12.5,0.14,0.0,110.88,3,Moderate,0.0310236836951358,0.9889240505546737,0.04472499510623679
Black rice kheer (Chak-hao kheer),147.94,22.93,4.37,4.91,12.57,0.76,0.0,94.89,2,Healthy,0.029539002298029346,0.5481901438923598,0.03318913072844945
Coconut kheer (Nariyal ki kheer),162.61,14.42,3.4,10.55,13.73,1.53,3.22,89.52,5,Moderate,0.020908923190327108,0.9521497918895874,0.06487915872292677
Apple sago payasam (Seb aur sabudana ki kheer),136.5,14.4,3.13,7.66,10.63,0.38,10.85,102.11,4,Moderate,0.022930402930234944,0.7381944443931809,0.05611721611680501
Kesari bath,244.57,31.38,2.4,12.59,20.16,1.65,27.84,7.7,10,Moderate,0.009813141431860763,0.6424474187175766,0.05147810442796959
Putharekulu,318.3,59.61,3.66,7.55,23.86,1.75,18.39,6.11,7,Moderate,0.01149858623936067,0.40026841133366436,0.02371976123146805
Mango malpua,334.64,12.84,1.65,30.67,4.96,2.08,75.21,10.64,13,Unhealthy,0.0049306717666599015,0.3862928348608806,0.09165072914149042
Mango vanilla custard,147.63,18.41,3.43,7.04,14.62,0.99,0.35,84.86,3,Moderate,0.023233760075707963,0.7941336229878254,0.047686784528566784
Kiwi granola pudding,280.99,32.33,5.6,15.36,15.08,3.71,20.27,62.2,7,Moderate,0.019929534858820847,0.46643983914424875,0.05466386704133719
Oats burfi,425.19,62.47,8.89,17.27,32.93,4.96,10.33,128.58,12,Unhealthy,0.02090829981885532,0.5271330238430105,0.04061713586857495
Lotus seed halwa (Kamal gattay ka halwa),370.55,39.56,7.79,20.69,9.8,0.42,45.24,82.84,12,Unhealthy,0.021022803940032322,0.24772497471567936,0.055835919578853505
Amaranth ladoo (Rajgira ladoo),454.15,51.33,10.12,22.7,19.92,5.11,33.64,144.58,11,Unhealthy,0.02228338654624621,0.38807714785918423,0.04998348563239022
Chhena poda,344.57,33.64,13.68,17.94,30.65,1.4,3.31,295.29,14,Unhealthy,0.03970165713776678,0.9111177169764829,0.05206489247452749
Sweet couscous dessert,196.2,29.69,3.81,7.69,15.89,2.18,9.37,30.94,3,Moderate,0.019418960244549345,0.5351970360210442,0.03919469928624264
Sweetened yogurt (Shrikhand),107.18,16.02,5.27,2.89,15.81,0.08,9.95,183.02,1,Healthy,0.04916962119752593,0.9868913857061866,0.026963985817998096
Thickened sweetened milk (Rabri),102.79,10.55,3.52,5.35,10.09,0.19,0.0,111.87,2,Healthy,0.03424457632032061,0.9563981041747489,0.052047864577760006
Gram flour halwa (Besan halwa),276.79,25.78,5.88,17.3,15.83,1.82,33.12,77.42,10,Moderate,0.021243542035401408,0.6140418929164452,0.06250225802932728
Prawn sandwich,169.65,11.89,10.36,9.27,1.21,1.55,40.7,75.53,-1,Healthy,0.06106690244585283,0.10176619006713487,0.05464190981400152
Watercress sandwich,229.42,28.03,5.17,11.47,1.81,2.26,26.56,98.16,0,Healthy,0.022535088483904914,0.0645736710644105,0.0499956411818935
Fish sandwich ,150.2,10.09,4.72,10.37,1.04,1.23,8.41,47.28,1,Healthy,0.0314247669771543,0.10307234885004239,0.0690412782951462
Kidney bean sandwich with cottage cheese,176.64,18.86,9.85,6.84,3.69,3.66,2.67,166.63,-4,Healthy,0.05576313405765533,0.19565217390266956,0.03872282608673731
Finger millet biscuit (Ragi biscuit),458.56,52.69,4.03,25.79,16.9,5.97,64.19,207.04,11,Unhealthy,0.008788381018822426,0.32074397418256323,0.05624127704104972
Buttermilk biscuit,322.54,34.93,5.76,17.5,3.44,1.18,45.41,67.16,5,Moderate,0.017858250139462212,0.09848267964218488,0.05425683636121331
Lemon cookies,394.48,42.19,5.63,23.02,23.47,0.78,82.16,72.04,16,Unhealthy,0.014271952950683755,0.5562929604039751,0.05835530318379042
Sweet potato biscuit (Shakarkand ke biscuit),296.4,38.13,5.14,13.31,2.53,2.27,33.83,56.34,2,Healthy,0.01734143049926673,0.06635195384037891,0.044905533063276305
Raspberry shortbread cookies,441.12,61.25,3.0,21.25,40.86,0.75,54.36,13.81,21,Unhealthy,0.006800870511410045,0.6671020408054351,0.04817283278915449
Pumpkin cookies ,218.4,44.69,2.51,3.93,31.62,1.06,22.23,19.36,8,Moderate,0.01149267399262137,0.7075408368604266,0.017994505494423104
Greenpea cookies,159.42,23.07,6.53,4.24,14.45,5.32,0.0,48.45,-4,Healthy,0.04096098356516773,0.626354573011428,0.026596411993309525
Sunflower cookies,520.62,40.06,9.49,36.28,24.28,3.95,26.38,70.45,17,Unhealthy,0.0182282662978406,0.6060908636893138,0.06968614344422096
Cardamom cookies (Elaichi cookies),400.49,53.99,5.1,19.12,38.99,2.79,111.21,25.21,17,Unhealthy,0.012734400359527743,0.7221707723518769,0.047741516641994206
Hazelnut cookies,493.32,39.44,6.25,34.97,22.01,2.45,46.99,47.43,18,Unhealthy,0.012669261331361653,0.5580628803103941,0.07088705100123473
Milk cookies,459.43,48.43,10.49,24.96,22.06,0.99,67.93,251.59,16,Unhealthy,0.02283264044572006,0.4555027875189861,0.05432818927790017
Cranberry cookies,272.48,36.39,3.92,12.66,19.96,1.13,58.22,36.16,10,Moderate,0.014386376981744031,0.5485023357914675,0.04646212566042843
Olive biscuit,438.29,55.01,3.2,23.75,32.27,0.82,48.63,10.76,19,Unhealthy,0.007301102010067989,0.5866206144230756,0.05418786648097335
Tutti fruitti biscuit,420.78,53.12,5.21,17.9,15.75,5.43,44.48,23.81,8,Moderate,0.012381767194228857,0.29649849397032196,0.042540044678828506
Peach blueberry preserves,177.38,45.76,0.53,0.2,45.33,1.14,0.0,9.03,11,Unhealthy,0.0029879355056771457,0.9906031468314992,0.0011275228323309986
Pear preserves (Naashpati ka murabba),101.24,25.67,0.25,0.19,25.19,3.06,0.0,6.57,3,Moderate,0.002469379691797023,0.981301129685185,0.0018767285657657377
Starfruit preserves ,128.93,33.62,0.24,0.12,33.47,0.78,0.0,5.24,8,Moderate,0.0018614752190967076,0.9955383699882352,0.0009307376095483538
Gooseberry pickle (Amla ka achaar),278.58,7.61,1.55,27.61,0.36,3.7,0.0,31.17,9,Moderate,0.0055639313661944014,0.047306176077883545,0.09910977098104994
Lotus stem pickle (Kamal kakdi ka achar),102.69,20.07,1.44,1.6,2.53,8.58,0.0,137.73,-4,Healthy,0.014022787028785443,0.12605879421394822,0.015580874476428272
Date pickle (Khajoor ka achaar),182.29,34.66,1.68,4.21,30.47,5.2,0.0,41.49,3,Moderate,0.00921608426129126,0.8791113675453229,0.023095068297640603
Garlic pickle (Lahasun ka achar),413.62,9.75,3.72,39.88,2.32,5.13,0.0,54.66,10,Moderate,0.008993762390578324,0.23794871792431294,0.09641700111189881
Fermented bamboo shoot pickle (Mesu pickle),59.83,1.73,1.58,5.59,0.29,2.24,0.0,16.62,-1,Healthy,0.02640815644281451,0.16763005770657222,0.09343138893375512
Sweet peach pickle (Aadoo ka achaar),144.64,37.01,0.46,0.2,36.46,1.32,0.0,11.99,8,Moderate,0.0031803097344912873,0.9851391515540359,0.0013827433628222988
Pickled mustard greens ,13.12,1.05,1.51,0.22,0.02,1.7,0.0,81.44,-1,Healthy,0.11509146340586193,0.019047619029478456,0.01676829268164876
Small onion pickle ,16.86,2.76,1.65,0.64,2.99,1.09,0.0,31.95,-2,Healthy,0.09786476867746946,1.0833333329408215,0.03795966785065483
Green tomato pickle (Haray tamatar ka achaar),193.26,2.87,1.23,19.67,0.77,1.74,0.0,14.22,7,Moderate,0.006364483079755953,0.2682926828333475,0.10177998551121921
Pickled cabbage ,13.69,2.56,0.39,0.14,2.08,0.61,0.0,15.96,0,Healthy,0.028487947404785396,0.8124999996826172,0.010226442658128092
Coconut pickle (Nariyal ka aachar),517.26,11.53,3.02,51.71,8.98,6.35,0.0,44.78,12,Unhealthy,0.005838456482222019,0.7788378143296759,0.09996906778003331
Potato pickle (Aloo ka achaar),369.14,7.87,2.07,36.46,0.82,2.21,0.0,48.46,12,Unhealthy,0.005607628542001388,0.10419313848739603,0.09877011431950272
Mango murabba candy,293.35,77.32,0.27,0.05,74.73,0.95,0.0,16.55,12,Unhealthy,0.0009204022498690289,0.9665028453056583,0.00017044486108685718
Afghani chicken,151.51,1.95,15.66,9.07,0.83,0.31,42.14,35.14,-1,Healthy,0.10335951422280142,0.4256410254227482,0.05986403537680772
Fish orly,563.7,4.27,5.87,58.18,0.24,0.33,11.78,9.55,17,Unhealthy,0.010413340429287895,0.05620608897981122,0.10321092779829126
Hariyali Fish Tikka,150.24,2.21,14.01,9.41,0.83,0.99,43.28,34.86,-2,Healthy,0.09325079872142406,0.3755656106897893,0.06263312034037119
Chicken manchurian,142.34,6.06,9.53,11.96,0.9,0.41,37.88,26.52,-1,Healthy,0.06695236757013522,0.1485148514606411,0.08402416748571011
Handi chicken,166.02,1.49,12.32,12.46,0.75,0.67,33.71,26.85,1,Healthy,0.07420792675536557,0.503355704360164,0.07505119865031291
Lemon chicken,169.79,0.55,20.2,9.66,0.16,0.16,60.15,17.4,0,Healthy,0.11897049296119343,0.29090909038016527,0.05689381000025388
Lemon butter fish,160.25,0.75,16.38,10.26,0.23,0.36,46.11,18.66,0,Healthy,0.10221528861090662,0.3066666662577778,0.0640249609980404
Baked eggs in tomato sauce,80.05,3.78,4.92,5.22,2.03,0.01,77.26,71.94,-2,Healthy,0.06146158650766444,0.5370370368949637,0.06520924422154642
Egg in a pepper,128.78,0.17,12.64,8.68,0.05,0.17,345.88,48.25,-2,Healthy,0.09815188693820352,0.29411764532871976,0.06740177046072836
Spinach mushroom scrambled egg (Palak mushroom bhurji),158.85,0.59,13.28,11.51,0.1,0.39,276.56,140.31,-1,Healthy,0.0836008813340661,0.16949152513645507,0.0724582939875829
Corn omelette/omlet,166.93,1.57,11.37,12.89,0.41,0.02,253.36,96.22,1,Healthy,0.06811238243534348,0.26114649664895123,0.07721799556654156
Cajun chicken,184.94,1.94,12.69,13.99,1.1,0.89,39.32,156.98,1,Healthy,0.06861684870731796,0.5670103089860772,0.07564615550948607
Paaner do pyaza,127.7,3.41,4.22,10.87,2.2,0.84,15.07,57.22,2,Healthy,0.033046202035763146,0.6451612901333837,0.08512137822956051
Cabbage manchurian (Pattagobhi manchurian),224.26,4.85,0.64,22.48,0.33,0.37,0.18,3.18,9,Moderate,0.0028538303754443335,0.06804123709937294,0.10024079193748221
Gobi 65,278.29,3.59,0.56,29.11,0.29,0.57,0.29,12.37,12,Unhealthy,0.002012289338452649,0.0807799442671922,0.10460311186135109
Paneer lababdar,105.48,3.37,3.98,8.46,1.96,1.16,7.19,55.56,0,Healthy,0.0377322715203097,0.5816023737146581,0.08020477815623621
Roasted cauliflower steak,78.68,2.02,2.05,6.7,0.44,3.53,0.0,24.47,-2,Healthy,0.026054905947813227,0.21782178207038524,0.0851550584635847
Sauteed radishes with green beans,94.32,6.04,2.41,6.61,1.78,3.52,7.44,40.2,-1,Healthy,0.02555131467318118,0.29470198670617515,0.07008057675922306
Garlic chutney/Poondu chutney (Lahasun ki chutney),255.51,20.44,3.34,17.55,13.36,5.15,0.0,63.51,3,Moderate,0.013071895424785441,0.6536203522185117,0.06868615709730075
Schezwan chutney,205.19,10.79,3.33,17.72,5.66,5.72,0.79,35.46,1,Healthy,0.01622886105552791,0.5245597775232105,0.08635898435554189
Onion chutney (Pyaaz ki chutney/Vengaya chutney),143.94,13.52,2.97,8.38,6.8,4.6,0.0,28.5,-1,Healthy,0.020633597332078413,0.5029585798444557,0.05821870223663876
Dates chutney (Khajoor ki chutney),103.57,21.69,1.07,1.12,18.68,3.41,0.0,28.72,2,Healthy,0.010331176981651723,0.8612263715601094,0.010813942261168158
Chicken salad,338.19,1.3,15.33,30.26,0.96,2.0,47.62,43.19,12,Unhealthy,0.0453295484785318,0.738461537893491,0.08947632987347505
Macaroni salad,262.19,21.63,5.02,17.78,3.73,0.56,58.64,35.7,5,Moderate,0.0191464205346537,0.17244567729207372,0.06781341775022766
Cabbage raita (Pattagobhi raita),84.84,5.25,3.24,5.76,4.21,0.93,16.26,118.49,-1,Healthy,0.03818953323858805,0.8019047617520181,0.06789250353526764
Pomegranate raita (Anaar ka raita),72.64,7.15,4.05,3.24,7.01,0.6,4.67,138.31,0,Healthy,0.05575440528557606,0.9804195802824587,0.04460352422846085
Onion raita (Pyaaz ka raita),71.56,7.86,4.86,2.43,7.07,0.65,8.61,163.8,-2,Healthy,0.06791503633219795,0.8994910940331436,0.033957518166098974
Green chilli raita (Hari mirch ka raita),77.13,7.66,5.58,2.92,7.49,0.26,10.52,193.58,-2,Healthy,0.07234539089754512,0.9778067883840983,0.037858161544951925
Kale salad,177.71,5.01,4.86,15.33,3.31,1.36,6.12,109.11,3,Moderate,0.027347926396784943,0.6606786425826989,0.08626413820220435
Spinach and paneer souffle ,186.19,9.64,7.56,13.49,2.81,1.07,76.02,114.32,1,Healthy,0.04060368440818195,0.291493775903372,0.0724528707230654
Masala souffle ,123.51,8.02,6.38,7.37,1.84,1.24,86.45,103.68,-1,Healthy,0.05165573637720301,0.2294264338866052,0.05967128167711382
Chicken and cheese souffle,182.35,3.47,9.07,14.74,2.46,0.26,89.24,61.71,1,Healthy,0.04973951192733897,0.708933717374947,0.08083356183119916
Tamarind chutney (Chintapandu pachadi/Puli chutney),109.15,25.07,0.88,0.48,22.85,1.65,0.68,40.3,5,Moderate,0.008062299587649452,0.9114479457155387,0.0043976179568997005
Pav bhaji masala,230.47,29.15,9.13,10.96,1.48,24.3,0.0,588.91,-5,Healthy,0.039614700394673436,0.05077186963805243,0.047554996311678074
Green chutney,79.42,10.01,5.42,1.6,0.92,5.84,0.0,112.74,-8,Healthy,0.06824477461510646,0.09190809189891029,0.020146058926968698
Sago khitchdi/khichri (Sabudana khitchdi/khichri),187.16,22.41,2.72,10.1,1.03,1.82,12.24,15.13,3,Moderate,0.014533019875964242,0.045961624272826344,0.05396452233354369
Gram flour chilla/cheela (Besan chilla/cheela),135.93,21.03,7.8,2.85,1.87,4.25,0.0,28.38,-7,Healthy,0.057382476274130935,0.08892058962962812,0.02096667402324015
Vegetable namkeen jave,112.23,18.98,2.93,2.51,1.04,2.86,3.41,10.32,-3,Healthy,0.02610710148778306,0.05479452054505825,0.022364786598749308
Khakhra,178.5,27.66,4.78,5.32,0.88,5.43,0.0,21.27,-4,Healthy,0.02677871148444382,0.031814895154308936,0.029803921568460484
Moong bean dosa (Pesarattu),285.96,31.91,12.32,11.67,2.9,6.04,17.86,36.44,-4,Healthy,0.04308294866399818,0.09088060168941145,0.04080990348286191
Methi thepla,346.16,41.34,8.98,15.95,2.98,7.56,1.85,73.51,-1,Healthy,0.02594176103528443,0.07208514755510195,0.04607695863171343
Rice puttu (Ari puttu),81.98,11.82,1.26,3.13,0.33,0.76,0.0,4.96,2,Healthy,0.015369602341847161,0.02791878172352633,0.03818004391268382
Buckwheat pancake (Khura),263.3,27.28,2.91,16.43,0.64,0.56,41.31,11.32,7,Moderate,0.011052031902730528,0.023460410556324765,0.0624003038356916
Quinoa khichdi/khichri,64.01,8.83,3.18,1.59,0.69,2.58,2.61,24.59,-3,Healthy,0.04967973754023309,0.0781426953478887,0.024839868770116545
Khakhra chaat,358.66,16.64,4.52,30.65,3.26,3.04,0.06,24.49,11,Unhealthy,0.012602464729792552,0.19591346152668787,0.08545697875401366
Banana appam,469.81,20.06,1.17,42.53,9.95,0.67,0.0,13.74,17,Unhealthy,0.0024903684468136258,0.49601196408295056,0.09052595730169531
Veg manchurian,585.64,6.82,0.89,61.65,0.76,1.16,0.0,16.79,16,Unhealthy,0.0015197049381846875,0.11143695013028783,0.10526944880796177
Pav bhaji,96.53,11.99,2.66,4.32,2.06,1.98,8.91,24.86,-1,Healthy,0.027556200144747165,0.17180984152028275,0.04475292655086758
Rice murukku,593.99,33.29,5.41,48.22,0.17,2.18,5.32,24.63,15,Unhealthy,0.009107897439335497,0.005106638630065888,0.08117981784191454
Bhel puri ,509.89,16.47,3.52,47.91,3.41,2.24,0.0,24.22,14,Unhealthy,0.006903449763660979,0.20704310866988204,0.09396144266391974
Semolina dhokla (Suji/Rava dhokla),194.91,30.86,5.44,5.2,1.85,5.12,0.0,31.17,-5,Healthy,0.02791031758233077,0.05994815294685846,0.026678980041933822
Spicy corn chaat ,479.8,11.45,4.61,46.55,0.95,2.17,3.89,17.28,13,Unhealthy,0.009608170070842834,0.08296943230716425,0.09701959149625464
Jackfruit fritters (Ponsa mulik/Kathal ka pakora),597.79,24.0,2.34,54.41,11.48,1.5,0.0,24.62,18,Unhealthy,0.003914418106686438,0.4783333333134028,0.09101858512171328
Banana chips (Kele ke chips),665.67,7.32,0.37,70.46,4.37,0.65,0.0,2.01,18,Unhealthy,0.0005558309672952727,0.5969945354375691,0.10584824312331058
Wheat cake,314.63,41.13,4.79,14.95,25.79,2.76,40.13,98.91,10,Moderate,0.015224231637112723,0.6270362265833446,0.04751613005737687
Mango cheesecake,152.46,20.06,2.39,7.3,15.36,1.14,16.9,55.1,4,Moderate,0.0156762429488674,0.7657028912878513,0.047881411517461094
Carrot cake (Gajar ka cake),255.59,35.98,5.6,10.27,23.96,2.93,11.61,156.1,8,Moderate,0.02191009037903709,0.6659255141560333,0.040181540748698376
Semolina cake (Suji/Rava cake),374.14,31.32,6.58,25.18,18.86,5.37,27.06,128.28,11,Unhealthy,0.017586999518849664,0.6021711366346688,0.06730101031681376
Finger millet cake (Ragi cake),279.46,38.93,3.96,12.27,24.76,2.35,25.2,118.38,10,Moderate,0.014170185357424427,0.6360133572916514,0.04390610463020144
Honey cake,333.59,49.04,3.08,14.7,33.43,0.51,1.54,50.86,15,Unhealthy,0.009232890674153204,0.6816884176043702,0.04406606912664029
Almond cardamom cake (Badam elaichi cake),356.35,34.53,7.18,21.36,18.06,2.35,74.32,81.29,13,Unhealthy,0.02014873018094528,0.5230234578475811,0.0599410691733971
Tutti frutti cake,347.72,52.94,4.49,12.68,28.08,0.85,2.46,61.41,14,Unhealthy,0.0129126883699157,0.5304117869185794,0.03646612216715614
Ham and Bean soup,96.04,4.18,10.61,4.15,1.43,0.54,25.92,20.52,-3,Healthy,0.11047480216461394,0.3421052630760514,0.04321116201537681
Whey soup,68.91,6.26,3.45,3.34,5.87,0.84,0.83,164.92,0,Healthy,0.05006530256784117,0.9376996803613898,0.048469017558431735
Bottle gourd soup (Ghiya/Lauki soup),23.05,1.16,0.45,1.79,0.39,0.96,0.72,15.14,-1,Healthy,0.019522776571821138,0.3362068962618906,0.07765726680791074
Baked potato soup,147.05,5.85,5.73,11.21,3.44,0.3,26.31,106.56,1,Healthy,0.03896633798001383,0.5880341879336694,0.07623257395391886
Pumpkin soup,40.05,2.08,0.47,3.2,1.47,1.19,0.86,12.17,0,Healthy,0.011735330836161417,0.7067307688909947,0.07990012484195008
Sweet corn soup,32.25,3.56,0.99,1.63,0.9,0.31,0.0,3.72,0,Healthy,0.03069767441765279,0.2528089886930312,0.05054263565734752
Paneer soup,47.85,2.42,3.22,2.8,1.98,0.28,0.0,82.76,-2,Healthy,0.06729362591290923,0.8181818178437265,0.05851619644600802
Curried Cauliflower soup,37.32,3.12,6.72,9.77,1.79,2.34,4.77,37.25,-3,Healthy,0.18006430867684717,0.5737179485340648,0.26178992496618997
Millet soup,55.99,8.22,11.26,12.57,1.45,2.82,1.45,65.21,-4,Healthy,0.20110734059294325,0.17639902674253052,0.22450437577737983
Lemon coriander soup,108.06,10.32,2.27,6.26,2.2,6.77,0.0,102.57,-3,Healthy,0.021006848047186683,0.21317829455298662,0.05793077919620645
Garlic soup,194.86,6.99,2.38,17.62,2.39,1.66,22.92,60.55,5,Moderate,0.012213897156870502,0.34191702427154264,0.0904238940773354
Dal makhani,74.04,7.96,3.32,3.06,0.8,2.27,7.25,20.62,-3,Healthy,0.04484062668767097,0.10050251255018813,0.0413290113446606
Dalma,118.93,15.04,4.91,4.58,3.1,2.16,0.0,54.28,-3,Healthy,0.0412847893715523,0.20611702126289116,0.03851004792702842
Split bengal gram dal (Channa dal),99.67,9.99,4.15,4.62,0.98,3.72,8.53,21.99,-4,Healthy,0.04163740343090561,0.09809809808827846,0.04635296478332143
Horsegram dal (Kulthi dal) ,55.65,8.21,2.91,1.13,0.72,1.52,0.0,38.22,-2,Healthy,0.05229110512035417,0.08769792934376394,0.020305480682474297
Panchmel dal,111.22,10.71,4.63,5.36,0.75,3.2,11.86,23.05,-3,Healthy,0.04162920338031263,0.07002801119794322,0.04819277108390404
Dal dhokli,68.74,8.55,2.96,2.47,1.12,1.86,0.0,14.54,-2,Healthy,0.043060808844296465,0.13099415203146267,0.035932499272098746
Gujarati handvo ,207.09,31.86,8.24,4.8,2.51,4.95,1.93,68.21,-7,Healthy,0.03978946351808495,0.07878217200003822,0.0231783282629621
Sev (Omapodi/Karapusa),609.14,12.87,5.12,60.08,0.53,2.35,0.0,13.95,15,Unhealthy,0.008405292707738115,0.04118104117784142,0.09863085661736443
Papdi,708.96,12.89,1.83,72.11,0.31,0.56,0.0,6.06,18,Unhealthy,0.002581245768445919,0.02404965089029871,0.10171236741127607
Jowar dosa,294.35,40.53,8.5,10.28,0.59,5.56,0.0,19.46,-4,Healthy,0.028877187022154315,0.01455711818370202,0.03492440971620545
Bread roll,435.46,16.12,2.85,40.25,0.94,1.45,0.0,44.83,14,Unhealthy,0.006544803196604638,0.05831265508323122,0.09243099251345145
Soya seekh kebab,115.05,10.0,5.4,5.88,0.51,2.24,0.0,15.67,-3,Healthy,0.046936114732316944,0.0509999999949,0.051108213819634
Classic seasoned black beans,28.78,7.66,8.01,8.28,0.44,3.51,0.0,40.11,-6,Healthy,0.27831827657128844,0.05744125325620871,0.2876997915118937
Maa chaane ki dal,344.67,43.11,19.8,9.5,1.05,13.45,15.36,68.65,-3,Healthy,0.057446252937425814,0.02435629784216293,0.027562596106340667
Garlic chickpea soup (Lahasun aur chane ka shoraba),89.53,13.92,4.45,2.01,2.65,2.84,0.0,13.93,-4,Healthy,0.049704009828552394,0.19037356320471455,0.022450575225930403
White sauce (thin),115.17,6.58,3.31,8.41,4.58,0.07,11.04,110.2,2,Healthy,0.028740123295747676,0.6960486321130626,0.07302248849463382
White sauce (medium),151.27,7.98,3.36,11.76,4.32,0.14,20.47,103.53,2,Healthy,0.02221193891702114,0.5413533833908079,0.07774178620957399
White sauce (thick),209.69,10.24,3.43,17.19,3.9,0.24,35.72,92.74,5,Moderate,0.016357480089578155,0.3808593749628067,0.08197815823319198
Cheese sauce,194.76,7.08,7.68,15.12,4.53,0.12,39.75,255.14,4,Moderate,0.039433148490247316,0.6398305083842047,0.0776340110901744
Egg sauce,146.85,5.88,5.97,11.08,3.19,0.12,111.08,89.49,1,Healthy,0.0406537282939009,0.5425170067104563,0.07545114061916616
Mushroom sauce,137.56,7.31,3.39,10.51,3.86,0.47,18.2,94.1,2,Healthy,0.024643791799762695,0.528043775577559,0.07640302413436753
Mustard sauce,158.58,8.29,3.98,12.17,4.22,0.13,19.97,109.03,3,Moderate,0.02509774246421303,0.509047044570682,0.0767435994445911
Brown sauce,109.18,5.38,11.92,23.67,0.13,1.69,0.0,40.44,2,Healthy,0.10917750503655267,0.024163568768742833,0.21679794834020152
Classic italian pasta,42.12,4.4,0.57,2.45,2.94,1.36,1.7,19.55,-1,Healthy,0.013532763532442243,0.6681818180299586,0.05816714149909386
Pasta spinach sauce,85.46,1.76,1.76,7.9,1.04,0.86,9.34,58.57,2,Healthy,0.020594430142515864,0.5909090905733471,0.09244090802606553
Pasta cheese sauce,149.26,9.0,4.33,10.84,4.22,0.14,22.22,152.68,2,Healthy,0.029009781588978902,0.4688888888367901,0.07262494975162385
Mayonnaise,774.86,1.65,1.86,84.52,1.44,0.11,117.12,15.36,19,Unhealthy,0.0024004336267165675,0.8727272721983471,0.10907776888714209
Low calorie quick mayonnaise,242.89,4.71,1.41,24.35,0.83,0.06,35.67,6.47,11,Unhealthy,0.0058050969574465604,0.176220806756641,0.10025114249207358
Thousand island dressing,407.87,4.49,1.37,42.87,3.1,0.46,34.0,9.11,15,Unhealthy,0.0033589133792547654,0.6904231624297499,0.10510701939317647
Curd dip,79.95,7.95,5.04,3.36,7.12,0.1,10.59,167.17,-1,Healthy,0.06303939962397699,0.8955974841640758,0.042026266415984656
Short crust pastry,422.1,44.72,6.11,23.98,3.18,1.58,61.0,16.9,11,Unhealthy,0.014475242833417496,0.07110912343311475,0.05681118218418192
Choux pastry,222.37,16.2,5.55,14.96,1.5,0.56,125.01,19.43,3,Moderate,0.02495840266211738,0.092592592586877,0.06727526195050018
Flaky pastry,443.94,33.61,4.69,31.99,0.81,1.25,0.0,9.28,14,Unhealthy,0.010564490696917232,0.024099970246233268,0.07205928729091306
Sponge cake ,253.77,44.63,9.18,4.74,26.33,0.69,182.09,30.22,4,Moderate,0.03617448871010689,0.5899619090165816,0.018678330771885257
Glace icing,323.51,86.31,0.01,0.01,85.35,0.0,0.0,1.95,14,Unhealthy,3.091094556572931e-05,0.9888773027344585,3.091094556572931e-05
Royal icing,332.58,86.53,1.74,0.02,85.57,0.0,0.0,2.87,14,Unhealthy,0.005231823922048134,0.9889055818676885,6.013590714997855e-05
American frosting,257.57,67.48,1.05,0.01,67.46,0.0,0.0,7.05,13,Unhealthy,0.0040765617113636046,0.9997036158713735,3.8824397251081944e-05
Gum icing,223.07,53.19,5.94,0.0,52.63,0.0,0.0,18.62,12,Unhealthy,0.02662841260578909,0.9894717051891434,0.0
Channa murmura premix,339.09,72.59,10.59,3.28,1.52,8.21,0.0,21.36,-5,Healthy,0.031230646730864283,0.02093952335003527,0.009672948184819155
Cracked wheat and green gram dal premix (Dalia moong dal premix),362.16,64.75,15.89,5.11,0.63,11.66,0.0,49.03,-5,Healthy,0.043875635078297226,0.009729729729579464,0.0141097857300251
Rice flakes and roasted channa ,333.4,71.94,10.57,2.94,1.31,8.84,0.0,17.23,-6,Healthy,0.031703659268051285,0.018209619126797198,0.008818236352703006
Spinach soup in milk ,56.72,3.98,2.89,3.2,3.34,0.79,0.0,106.1,0,Healthy,0.05095204513309323,0.8391959796886441,0.05641748942072607
Vegetable soup,55.21,7.6,2.22,1.55,1.61,3.01,3.34,18.1,-4,Healthy,0.04021010686397012,0.21184210523528396,0.028074624161780935
Mashed banana with milk,95.43,14.62,2.51,2.99,11.35,0.71,0.0,78.64,2,Healthy,0.026302001466768286,0.7763337892765846,0.03133186628909848
Poha with curd (Poha aur dahi),173.32,26.72,6.01,4.65,5.46,1.09,13.37,140.9,0,Healthy,0.03467574428782209,0.20434131735762195,0.026828986844987145
Potato with curd,73.18,12.01,3.19,1.33,3.3,1.02,4.38,85.41,-2,Healthy,0.04359114512102225,0.274771024123666,0.01817436458023812
Sweet wheat porridge (Sweet dalia),140.66,23.77,5.11,2.79,12.23,2.37,0.0,99.18,-2,Healthy,0.03632873595879192,0.5145140933733903,0.019835063272999894
Vegetable khichdi/khichri,143.17,19.57,5.61,4.53,3.71,2.45,11.92,100.54,-3,Healthy,0.03918418663100382,0.18957588144151374,0.031640706851773136
Moong dal mixture,158.84,33.93,4.62,1.0,24.68,1.9,2.38,70.53,3,Moderate,0.029085872575994175,0.7273798997722553,0.006295643414717353
Cracked wheat khichri/khichdi (Dalia khichri/khichdi),167.45,22.35,7.56,5.52,3.79,3.74,14.62,123.04,-5,Healthy,0.045147805314749795,0.16957494406400112,0.03296506419807128
Stewed apple,91.93,22.49,0.17,0.37,20.45,1.48,0.0,9.25,4,Moderate,0.0018492331121304337,0.9092930190791777,0.0040248014793427085
Lemon squash (Nimbu ka squash),184.56,48.88,0.15,0.06,48.88,0.0,0.0,9.85,12,Unhealthy,0.0008127438231425405,0.9999999999795418,0.00032509752925701614
Orange squash (Santre ka squash),193.26,50.88,0.22,0.04,50.56,0.4,0.0,10.62,12,Unhealthy,0.0011383628272734227,0.993710691804369,0.00020697505950425867
Lichi squash,198.33,51.96,0.3,0.08,51.31,0.41,0.0,6.39,12,Unhealthy,0.0015126304643699256,0.9874903771942363,0.0004033681238319802
Mango squash (Aam ka squash),194.66,50.96,0.17,0.17,50.84,0.58,0.0,9.47,12,Unhealthy,0.0008733175793646703,0.9976452119113494,0.0008733175793646703
Pineapple squash (Ananas ka squash),195.02,51.34,0.16,0.05,51.08,1.06,0.0,7.96,11,Unhealthy,0.0008204286739779488,0.9949357226140448,0.000256383960618109
Lemon and ginger squash (Nimbu aur adrak ka squash),170.34,44.06,0.54,0.21,42.53,1.07,0.0,11.18,10,Moderate,0.0031701303275615236,0.9652746254887591,0.0012328284607183702
Apple jam (Seb ka murabba),188.79,48.56,0.14,0.32,46.76,1.29,0.0,10.84,11,Unhealthy,0.0007415647015162797,0.9629324546753927,0.0016950050320372109
Plum jam (Aloo bukhara jam),178.89,46.2,0.31,0.19,45.25,1.0,0.0,7.5,11,Unhealthy,0.0017329084912419204,0.9794372294160295,0.001062105204309564
Pineapple jam ,149.18,38.27,0.32,0.15,37.44,2.2,0.0,10.47,7,Moderate,0.0021450596594574,0.9783119937032058,0.0010054967153706562
Guava jelly (Amrood ki jelly),115.74,28.18,1.11,0.25,27.38,6.61,0.0,16.55,2,Healthy,0.009590461378869965,0.9716110716475652,0.0021600138240698116
Orange marmalade (Santray ka murabba),104.17,25.94,0.66,0.13,25.09,1.97,0.0,17.59,4,Moderate,0.006335797254427035,0.9672320739796749,0.0012479600652659311
Carrot murabba (Gajar ka murabba),175.24,45.6,0.32,0.16,44.83,1.39,0.0,15.86,10,Moderate,0.0018260671079557975,0.9831140350661598,0.0009130335539778988
Gooseberry marmalade (Amla murabba),123.16,32.34,0.14,0.03,28.61,0.0,0.0,16.4,7,Moderate,0.0011367327054146092,0.8846629560641724,0.00024358557973170195
Ginger candy (Adrak ki candy),195.71,50.38,0.69,0.27,47.99,1.67,0.0,10.43,11,Unhealthy,0.0035256246486969206,0.952560539877877,0.0013795922538379257
Mango pickle (Aam ka achaar),192.12,8.11,1.6,17.89,1.79,3.68,0.0,48.97,4,Moderate,0.00832812825313175,0.2207151664339439,0.09311888403032939
Mixed vegetable pickle (Sabziyoon ka achaar),211.2,7.48,1.9,19.68,2.77,2.76,0.0,42.81,5,Moderate,0.008996212121169526,0.3703208555654651,0.09318181818137698
Sweet lemon pickle (Neembu ka meetha achaar),69.54,16.87,1.22,0.21,14.63,2.13,0.0,42.57,1,Healthy,0.01754385964887052,0.8672199169610421,0.00301984469365804
Plum chutney (Aloo bukhara ki chutney),177.11,44.95,0.47,0.29,43.9,1.37,0.0,12.38,10,Moderate,0.0026537180283289835,0.9766407118803861,0.0016374004855646918
Raw mango chutney (Kachhe aam/Kairi ki chutney),193.13,49.94,0.51,0.16,45.22,2.17,0.0,25.92,10,Moderate,0.002640708331162219,0.9054865838825494,0.0008284575156587353
Tomato sauce,34.33,7.23,0.81,0.27,5.69,1.79,0.0,13.0,0,Healthy,0.023594523739481666,0.7869986167652837,0.007864841246493889
Tomato puree,20.62,3.68,0.75,0.25,2.32,1.56,0.0,8.91,-1,Healthy,0.03637245392646108,0.6304347824373817,0.012124151308820361
Garam masala,254.21,26.2,9.89,10.97,1.79,35.56,0.0,609.77,-4,Healthy,0.038904842452936926,0.06832061068441525,0.043153298453864314
Chat masala,222.58,23.87,8.19,9.91,0.79,18.62,0.0,519.5,-5,Healthy,0.03679575882812114,0.03309593632035627,0.044523317458691154
Kashmiri masala,389.02,23.16,8.26,31.03,2.41,12.12,0.0,303.49,9,Moderate,0.021232841499097134,0.10405872192987657,0.07976453652747992
Rasam powder (Rasam masala),267.96,25.19,12.04,11.8,1.91,35.71,0.0,562.15,-4,Healthy,0.04493207941467035,0.07582373957618802,0.04403642334660384
Sambar powder (Sambar masala),297.46,23.38,12.5,15.58,1.87,34.56,0.0,439.95,-2,Healthy,0.04202245680077314,0.07998289135671588,0.052376790156483645
Tartare sauce,610.93,2.96,1.44,66.12,2.18,0.42,50.47,21.06,17,Unhealthy,0.002357062183879729,0.7364864862376735,0.10822843860981092
Barbeque sauce,121.93,20.46,0.96,4.51,18.88,0.69,0.0,28.61,6,Moderate,0.007873369966309576,0.9227761485374987,0.03698843598755853
Bread sauce,111.04,8.69,3.46,7.05,4.63,0.56,8.48,110.72,2,Healthy,0.03115994236283177,0.5327963175451328,0.0634906340051919
Green chilli sauce,46.06,7.36,1.25,0.27,5.36,1.77,0.0,9.89,0,Healthy,0.027138514979871072,0.7282608694662689,0.005861919235652152
Home made plain noodles,238.78,44.5,6.21,3.56,1.07,1.65,0.0,12.27,-1,Healthy,0.02600720328324815,0.024044943819684386,0.014909121366886218
Dal moong,43.69,4.92,2.2,1.62,0.13,1.08,3.55,7.69,-2,Healthy,0.05035477225794566,0.026422764222271796,0.037079423208123616
Cumin seeds baghar (Jeera baghar/tadka),736.81,5.22,3.34,78.77,0.49,6.01,189.23,177.77,14,Unhealthy,0.004533054654518081,0.09386973178278357,0.10690680093903869
Onion tomato baghar (Pyaaz tamatar ka tadka),137.52,6.17,1.26,11.98,3.51,2.12,29.17,20.45,2,Healthy,0.009162303664854841,0.5688816854831634,0.08711460151187381
Mustard seeds baghar (Mustard seed tadka),552.59,10.45,4.73,54.3,1.14,9.74,130.57,182.93,11,Unhealthy,0.008559691633926492,0.10909090908046977,0.09826453609349016
Hot cherry sauce,252.74,67.95,0.13,0.07,17.65,0.0,0.0,24.82,6,Moderate,0.0005143625860547822,0.25974981603738406,0.00027696446941411347
Apple jelly (Seb ki jelly),152.13,39.37,0.1,0.21,38.18,0.86,0.0,7.89,9,Moderate,0.0006573325445299592,0.969773939523247,0.001380398343512914
Marmalade (Murabba),143.76,37.64,0.23,0.04,37.29,0.43,0.0,9.84,9,Moderate,0.001599888703383418,0.9907013814827126,0.00027824151363189877
Plum squash (Aloo bukhara squash),211.17,55.51,0.16,0.1,55.02,0.52,0.0,6.9,12,Unhealthy,0.0007576833830527175,0.9911727616467093,0.0004735521144079484
Lemon green chilli pickle (Nimboo aur hari mirch ka achaar),14.07,2.14,0.85,0.24,1.0,1.07,0.0,20.05,-1,Healthy,0.06041222458703537,0.4672897194078085,0.01705756929516293
Brinjal pickle (Baingan ka achaar),139.01,4.23,2.24,12.98,1.07,4.62,0.0,37.28,0,Healthy,0.016113948636672804,0.2529550826825165,0.09337457736786295
Sweet and sour tomato pickle (Khatta meetha tamatar ka achaar),60.88,6.55,1.26,3.24,4.31,2.2,0.0,15.18,-1,Healthy,0.020696452036453736,0.6580152670751122,0.053219448093738186
Jhatpat achar with carrot (Jhatpat achaar gajar ke saath),91.21,6.32,1.98,6.55,3.04,5.08,0.0,54.31,-3,Healthy,0.021708146036380792,0.4810126581517385,0.07181230128196675
Tomato chutney (Tamatar ki chutney),176.07,31.85,0.97,6.01,30.02,1.49,0.0,25.34,9,Moderate,0.005509172488183625,0.9425431710850064,0.0341341511896738
Tomato ketchup,33.07,6.48,0.91,0.3,4.68,1.9,0.0,15.33,0,Healthy,0.027517387359313056,0.722222222110768,0.009071666162410896
Bengal 5 Spice Blend (Panch Phoran),289.79,20.0,18.26,22.16,1.4,18.4,0.0,523.0,0,Healthy,0.06301114600206008,0.0699999999965,0.07646916732780128
